energy_num__X1,energy_num__X2,energy_num__X3,energy_num__X4,energy_num__X5,energy_num__X6,energy_num__X7,energy_num__X8,Y1,Y2
-0.5551734086455886,0.4874114349969166,-1.1420600177706954,1.011542612092179,-1.0419227960076825,-0.49435036169339724,1.224377733352027,-1.1570474127198707,14.6,17.51
-1.030377731599972,1.0480391799719104,0.025040400770949572,1.011542612092179,-1.0419227960076825,1.320524938770034,-0.9964901687687392,-0.5163682668336613,11.43,14.74
-0.0799690856912042,-0.07321630997807735,2.3592412378542393,-1.1780054548695893,0.9597640092257149,0.4130872885383184,0.11394378229164374,1.4056691708249667,36.06,35.73
-1.4105411899634797,1.6086669249469043,1.1921408193125946,1.011542612092179,-1.0419227960076825,-1.401788011925113,-0.9964901687687392,1.4056691708249667,12.59,14.24
-1.030377731599972,1.0480391799719104,0.025040400770949572,1.011542612092179,-1.0419227960076825,-0.49435036169339724,0.11394378229164374,1.4056691708249667,12.82,16.03
-1.030377731599972,1.0480391799719104,0.025040400770949572,1.011542612092179,-1.0419227960076825,-0.49435036169339724,0.11394378229164374,-1.1570474127198707,13.18,16.27
0.49027610185405607,-0.6338440549530713,0.025040400770949572,-0.6306184381291473,0.9597640092257149,-1.401788011925113,-0.9964901687687392,1.4056691708249667,24.37,25.11
-1.030377731599972,1.0480391799719104,0.025040400770949572,1.011542612092179,-1.0419227960076825,0.4130872885383184,-0.9964901687687392,0.12431087905254802,11.53,13.59
-1.4105411899634797,1.6086669249469043,1.1921408193125946,1.011542612092179,-1.0419227960076825,-0.49435036169339724,1.224377733352027,1.4056691708249667,16.44,17.11
0.8704395602175636,-0.9141579274405682,-0.5585098084998729,-0.6306184381291473,0.9597640092257149,-0.49435036169339724,-0.9964901687687392,-1.1570474127198707,26.91,25.6
-0.0799690856912042,-0.07321630997807735,2.3592412378542393,-1.1780054548695893,0.9597640092257149,1.320524938770034,-0.9964901687687392,1.4056691708249667,33.27,33.88
1.2506030185810713,-1.1944717999280652,0.025040400770949572,-1.1780054548695893,0.9597640092257149,-1.401788011925113,1.224377733352027,-0.5163682668336613,35.84,38.35
0.20515350808142646,-0.3535301824655743,0.6085906100417721,-0.6306184381291473,0.9597640092257149,-0.49435036169339724,-0.9964901687687392,0.12431087905254802,35.48,41.22
-1.2204594607817258,1.3283530524594074,0.6085906100417721,1.011542612092179,-1.0419227960076825,1.320524938770034,0.11394378229164374,0.7649900249387575,16.62,19.9
0.49027610185405607,-0.6338440549530713,0.025040400770949572,-0.6306184381291473,0.9597640092257149,1.320524938770034,-0.9964901687687392,1.4056691708249667,23.86,27.69
-1.030377731599972,1.0480391799719104,0.025040400770949572,1.011542612092179,-1.0419227960076825,-0.49435036169339724,-0.9964901687687392,-0.5163682668336613,11.42,14.75
-0.270050814872958,0.2070975625094196,-1.725610227041518,1.011542612092179,-1.0419227960076825,-0.49435036169339724,-1.7367794694756613,-1.7977265586060802,6.05,11.19
0.49027610185405607,-0.6338440549530713,0.025040400770949572,-0.6306184381291473,0.9597640092257149,1.320524938770034,1.224377733352027,-1.1570474127198707,28.65,33.54
-0.7452551378273424,0.7677253074844135,-0.5585098084998729,1.011542612092179,-1.0419227960076825,-1.401788011925113,1.224377733352027,1.4056691708249667,14.12,16.63
-0.7452551378273424,0.7677253074844135,-0.5585098084998729,1.011542612092179,-1.0419227960076825,1.320524938770034,-1.7367794694756613,-1.7977265586060802,6.81,11.93
-1.030377731599972,1.0480391799719104,0.025040400770949572,1.011542612092179,-1.0419227960076825,-0.49435036169339724,-1.7367794694756613,-1.7977265586060802,7.1,12.23
2.010929935308085,-1.755099544903059,-0.5585098084998729,-1.4516989632398105,0.9597640092257149,-0.49435036169339724,-1.7367794694756613,-1.7977265586060802,15.55,21.33
0.20515350808142646,-0.3535301824655743,0.6085906100417721,-0.6306184381291473,0.9597640092257149,0.4130872885383184,0.11394378229164374,0.7649900249387575,38.33,44.16
2.010929935308085,-1.755099544903059,-0.5585098084998729,-1.4516989632398105,0.9597640092257149,-1.401788011925113,-0.9964901687687392,1.4056691708249667,24.35,25.64
0.49027610185405607,-0.6338440549530713,0.025040400770949572,-0.6306184381291473,0.9597640092257149,-0.49435036169339724,0.11394378229164374,1.4056691708249667,25.17,26.08
-1.4105411899634797,1.6086669249469043,1.1921408193125946,1.011542612092179,-1.0419227960076825,1.320524938770034,-0.9964901687687392,1.4056691708249667,12.62,14.15
-0.7452551378273424,0.7677253074844135,-0.5585098084998729,1.011542612092179,-1.0419227960076825,0.4130872885383184,0.11394378229164374,-1.1570474127198707,12.73,15.48
-1.2204594607817258,1.3283530524594074,0.6085906100417721,1.011542612092179,-1.0419227960076825,-1.401788011925113,1.224377733352027,0.7649900249387575,19.06,21.68
-0.7452551378273424,0.7677253074844135,-0.5585098084998729,1.011542612092179,-1.0419227960076825,0.4130872885383184,1.224377733352027,-1.1570474127198707,14.42,16.87
0.20515350808142646,-0.3535301824655743,0.6085906100417721,-0.6306184381291473,0.9597640092257149,1.320524938770034,1.224377733352027,-0.5163682668336613,41.92,48.03
0.49027610185405607,-0.6338440549530713,0.025040400770949572,-0.6306184381291473,0.9597640092257149,-0.49435036169339724,-0.9964901687687392,0.12431087905254802,23.84,27.54
-0.270050814872958,0.2070975625094196,-1.725610227041518,1.011542612092179,-1.0419227960076825,0.4130872885383184,1.224377733352027,0.12431087905254802,14.1,16.57
2.010929935308085,-1.755099544903059,-0.5585098084998729,-1.4516989632398105,0.9597640092257149,0.4130872885383184,-0.9964901687687392,-0.5163682668336613,24.13,26.13
-0.7452551378273424,0.7677253074844135,-0.5585098084998729,1.011542612092179,-1.0419227960076825,-1.401788011925113,1.224377733352027,0.7649900249387575,14.54,16.81
0.49027610185405607,-0.6338440549530713,0.025040400770949572,-0.6306184381291473,0.9597640092257149,0.4130872885383184,-0.9964901687687392,-0.5163682668336613,23.67,24.8
0.49027610185405607,-0.6338440549530713,0.025040400770949572,-0.6306184381291473,0.9597640092257149,0.4130872885383184,0.11394378229164374,-1.1570474127198707,26.97,27.25
0.8704395602175636,-0.9141579274405682,-0.5585098084998729,-0.6306184381291473,0.9597640092257149,-1.401788011925113,-0.9964901687687392,-0.5163682668336613,26.48,30.91
0.20515350808142646,-0.3535301824655743,0.6085906100417721,-0.6306184381291473,0.9597640092257149,-0.49435036169339724,1.224377733352027,0.12431087905254802,41.3,44.18
-1.4105411899634797,1.6086669249469043,1.1921408193125946,1.011542612092179,-1.0419227960076825,1.320524938770034,0.11394378229164374,-0.5163682668336613,14.6,15.3
0.20515350808142646,-0.3535301824655743,0.6085906100417721,-0.6306184381291473,0.9597640092257149,1.320524938770034,0.11394378229164374,-1.1570474127198707,39.04,45.52
2.010929935308085,-1.755099544903059,-0.5585098084998729,-1.4516989632398105,0.9597640092257149,0.4130872885383184,0.11394378229164374,0.12431087905254802,28.17,30.1
0.20515350808142646,-0.3535301824655743,0.6085906100417721,-0.6306184381291473,0.9597640092257149,-0.49435036169339724,1.224377733352027,1.4056691708249667,41.96,37.7
0.8704395602175636,-0.9141579274405682,-0.5585098084998729,-0.6306184381291473,0.9597640092257149,-0.49435036169339724,0.11394378229164374,-0.5163682668336613,29.87,27.89
-1.2204594607817258,1.3283530524594074,0.6085906100417721,1.011542612092179,-1.0419227960076825,-1.401788011925113,-0.9964901687687392,1.4056691708249667,15.16,19.24
1.2506030185810713,-1.1944717999280652,0.025040400770949572,-1.1780054548695893,0.9597640092257149,-0.49435036169339724,-0.9964901687687392,0.7649900249387575,28.05,33.91
0.49027610185405607,-0.6338440549530713,0.025040400770949572,-0.6306184381291473,0.9597640092257149,1.320524938770034,0.11394378229164374,0.12431087905254802,25.17,26.41
0.8704395602175636,-0.9141579274405682,-0.5585098084998729,-0.6306184381291473,0.9597640092257149,-0.49435036169339724,0.11394378229164374,0.12431087905254802,29.4,32.93
0.49027610185405607,-0.6338440549530713,0.025040400770949572,-0.6306184381291473,0.9597640092257149,1.320524938770034,1.224377733352027,0.7649900249387575,29.52,28.43
1.2506030185810713,-1.1944717999280652,0.025040400770949572,-1.1780054548695893,0.9597640092257149,-1.401788011925113,0.11394378229164374,-0.5163682668336613,32.46,35.56
-1.030377731599972,1.0480391799719104,0.025040400770949572,1.011542612092179,-1.0419227960076825,1.320524938770034,-0.9964901687687392,0.7649900249387575,11.43,14.83
0.20515350808142646,-0.3535301824655743,0.6085906100417721,-0.6306184381291473,0.9597640092257149,0.4130872885383184,1.224377733352027,-0.5163682668336613,42.74,38.84
-1.2204594607817258,1.3283530524594074,0.6085906100417721,1.011542612092179,-1.0419227960076825,1.320524938770034,-0.9964901687687392,1.4056691708249667,15.36,19.29
0.8704395602175636,-0.9141579274405682,-0.5585098084998729,-0.6306184381291473,0.9597640092257149,-0.49435036169339724,1.224377733352027,0.7649900249387575,31.66,36.2
1.2506030185810713,-1.1944717999280652,0.025040400770949572,-1.1780054548695893,0.9597640092257149,1.320524938770034,1.224377733352027,-0.5163682668336613,35.69,40.66
0.20515350808142646,-0.3535301824655743,0.6085906100417721,-0.6306184381291473,0.9597640092257149,1.320524938770034,-0.9964901687687392,1.4056691708249667,35.48,41.26
2.010929935308085,-1.755099544903059,-0.5585098084998729,-1.4516989632398105,0.9597640092257149,1.320524938770034,0.11394378229164374,0.7649900249387575,28.62,30.12
1.2506030185810713,-1.1944717999280652,0.025040400770949572,-1.1780054548695893,0.9597640092257149,-1.401788011925113,-1.7367794694756613,-1.7977265586060802,20.84,28.28
-1.030377731599972,1.0480391799719104,0.025040400770949572,1.011542612092179,-1.0419227960076825,-1.401788011925113,1.224377733352027,-0.5163682668336613,15.34,17.85
1.2506030185810713,-1.1944717999280652,0.025040400770949572,-1.1780054548695893,0.9597640092257149,-0.49435036169339724,0.11394378229164374,0.12431087905254802,32.4,35.1
-1.2204594607817258,1.3283530524594074,0.6085906100417721,1.011542612092179,-1.0419227960076825,-1.401788011925113,1.224377733352027,0.12431087905254802,18.48,20.78
-1.030377731599972,1.0480391799719104,0.025040400770949572,1.011542612092179,-1.0419227960076825,-1.401788011925113,1.224377733352027,0.7649900249387575,15.34,17.86
1.2506030185810713,-1.1944717999280652,0.025040400770949572,-1.1780054548695893,0.9597640092257149,-1.401788011925113,1.224377733352027,-1.1570474127198707,36.47,39.28
0.8704395602175636,-0.9141579274405682,-0.5585098084998729,-0.6306184381291473,0.9597640092257149,-1.401788011925113,0.11394378229164374,0.12431087905254802,28.4,33.52
-0.7452551378273424,0.7677253074844135,-0.5585098084998729,1.011542612092179,-1.0419227960076825,0.4130872885383184,0.11394378229164374,-0.5163682668336613,12.73,15.66
-1.030377731599972,1.0480391799719104,0.025040400770949572,1.011542612092179,-1.0419227960076825,-1.401788011925113,-0.9964901687687392,-0.5163682668336613,11.45,14.86
-0.7452551378273424,0.7677253074844135,-0.5585098084998729,1.011542612092179,-1.0419227960076825,-0.49435036169339724,1.224377733352027,0.12431087905254802,14.56,15.84
1.2506030185810713,-1.1944717999280652,0.025040400770949572,-1.1780054548695893,0.9597640092257149,-1.401788011925113,0.11394378229164374,1.4056691708249667,33.13,32.25
0.49027610185405607,-0.6338440549530713,0.025040400770949572,-0.6306184381291473,0.9597640092257149,-0.49435036169339724,-0.9964901687687392,1.4056691708249667,23.89,24.77
0.20515350808142646,-0.3535301824655743,0.6085906100417721,-0.6306184381291473,0.9597640092257149,-0.49435036169339724,0.11394378229164374,1.4056691708249667,39.83,36.66
-1.2204594607817258,1.3283530524594074,0.6085906100417721,1.011542612092179,-1.0419227960076825,-0.49435036169339724,1.224377733352027,-0.5163682668336613,18.88,22.07
-0.270050814872958,0.2070975625094196,-1.725610227041518,1.011542612092179,-1.0419227960076825,-0.49435036169339724,1.224377733352027,0.12431087905254802,14.22,15.39
-0.5551734086455886,0.4874114349969166,-1.1420600177706954,1.011542612092179,-1.0419227960076825,-1.401788011925113,0.11394378229164374,-0.5163682668336613,12.33,14.91
2.010929935308085,-1.755099544903059,-0.5585098084998729,-1.4516989632398105,0.9597640092257149,0.4130872885383184,-0.9964901687687392,0.12431087905254802,24.11,25.84
-0.270050814872958,0.2070975625094196,-1.725610227041518,1.011542612092179,-1.0419227960076825,0.4130872885383184,1.224377733352027,0.7649900249387575,14.32,16.9
-1.030377731599972,1.0480391799719104,0.025040400770949572,1.011542612092179,-1.0419227960076825,-1.401788011925113,-0.9964901687687392,0.7649900249387575,11.44,14.86
0.8704395602175636,-0.9141579274405682,-0.5585098084998729,-0.6306184381291473,0.9597640092257149,-0.49435036169339724,1.224377733352027,-1.1570474127198707,32.39,30.66
1.2506030185810713,-1.1944717999280652,0.025040400770949572,-1.1780054548695893,0.9597640092257149,0.4130872885383184,1.224377733352027,1.4056691708249667,34.72,38.79
1.2506030185810713,-1.1944717999280652,0.025040400770949572,-1.1780054548695893,0.9597640092257149,1.320524938770034,1.224377733352027,0.7649900249387575,36.57,36.1
0.20515350808142646,-0.3535301824655743,0.6085906100417721,-0.6306184381291473,0.9597640092257149,-1.401788011925113,1.224377733352027,1.4056691708249667,42.11,38.56
0.20515350808142646,-0.3535301824655743,0.6085906100417721,-0.6306184381291473,0.9597640092257149,1.320524938770034,0.11394378229164374,1.4056691708249667,38.65,43.73
-1.4105411899634797,1.6086669249469043,1.1921408193125946,1.011542612092179,-1.0419227960076825,1.320524938770034,-0.9964901687687392,-0.5163682668336613,13.04,14.24
0.8704395602175636,-0.9141579274405682,-0.5585098084998729,-0.6306184381291473,0.9597640092257149,-0.49435036169339724,-0.9964901687687392,0.12431087905254802,26.47,31.01
-1.2204594607817258,1.3283530524594074,0.6085906100417721,1.011542612092179,-1.0419227960076825,1.320524938770034,1.224377733352027,1.4056691708249667,17.88,21.4
-1.2204594607817258,1.3283530524594074,0.6085906100417721,1.011542612092179,-1.0419227960076825,1.320524938770034,1.224377733352027,0.7649900249387575,18.84,22.49
-0.270050814872958,0.2070975625094196,-1.725610227041518,1.011542612092179,-1.0419227960076825,-1.401788011925113,0.11394378229164374,0.12431087905254802,11.8,14.49
-0.7452551378273424,0.7677253074844135,-0.5585098084998729,1.011542612092179,-1.0419227960076825,0.4130872885383184,-1.7367794694756613,-1.7977265586060802,6.77,11.73
-1.030377731599972,1.0480391799719104,0.025040400770949572,1.011542612092179,-1.0419227960076825,-1.401788011925113,0.11394378229164374,-0.5163682668336613,13.05,15.89
1.2506030185810713,-1.1944717999280652,0.025040400770949572,-1.1780054548695893,0.9597640092257149,1.320524938770034,-0.9964901687687392,-0.5163682668336613,27.9,34.2
-0.5551734086455886,0.4874114349969166,-1.1420600177706954,1.011542612092179,-1.0419227960076825,1.320524938770034,1.224377733352027,-1.1570474127198707,14.58,17.47
0.49027610185405607,-0.6338440549530713,0.025040400770949572,-0.6306184381291473,0.9597640092257149,-1.401788011925113,-1.7367794694756613,-1.7977265586060802,17.05,23.77
-1.4105411899634797,1.6086669249469043,1.1921408193125946,1.011542612092179,-1.0419227960076825,-1.401788011925113,-0.9964901687687392,0.12431087905254802,12.68,14.09
-0.0799690856912042,-0.07321630997807735,2.3592412378542393,-1.1780054548695893,0.9597640092257149,-1.401788011925113,0.11394378229164374,1.4056691708249667,35.69,36.93
-0.5551734086455886,0.4874114349969166,-1.1420600177706954,1.011542612092179,-1.0419227960076825,-0.49435036169339724,-0.9964901687687392,0.7649900249387575,10.68,14.12
-1.030377731599972,1.0480391799719104,0.025040400770949572,1.011542612092179,-1.0419227960076825,-1.401788011925113,-0.9964901687687392,1.4056691708249667,11.38,14.54
-0.7452551378273424,0.7677253074844135,-0.5585098084998729,1.011542612092179,-1.0419227960076825,1.320524938770034,0.11394378229164374,-1.1570474127198707,12.72,15.78
0.20515350808142646,-0.3535301824655743,0.6085906100417721,-0.6306184381291473,0.9597640092257149,-1.401788011925113,0.11394378229164374,-1.1570474127198707,38.67,43.8
0.20515350808142646,-0.3535301824655743,0.6085906100417721,-0.6306184381291473,0.9597640092257149,0.4130872885383184,0.11394378229164374,0.12431087905254802,39.81,37.76
2.010929935308085,-1.755099544903059,-0.5585098084998729,-1.4516989632398105,0.9597640092257149,1.320524938770034,0.11394378229164374,-0.5163682668336613,28.6,30.02
1.2506030185810713,-1.1944717999280652,0.025040400770949572,-1.1780054548695893,0.9597640092257149,-0.49435036169339724,1.224377733352027,0.7649900249387575,35.73,39.92
0.20515350808142646,-0.3535301824655743,0.6085906100417721,-0.6306184381291473,0.9597640092257149,-1.401788011925113,-0.9964901687687392,1.4056691708249667,37.03,34.99
-0.5551734086455886,0.4874114349969166,-1.1420600177706954,1.011542612092179,-1.0419227960076825,-0.49435036169339724,1.224377733352027,0.12431087905254802,14.03,15.47
0.8704395602175636,-0.9141579274405682,-0.5585098084998729,-0.6306184381291473,0.9597640092257149,1.320524938770034,1.224377733352027,-1.1570474127198707,31.29,36.73
-0.7452551378273424,0.7677253074844135,-0.5585098084998729,1.011542612092179,-1.0419227960076825,0.4130872885383184,-0.9964901687687392,0.7649900249387575,11.07,14.42
1.2506030185810713,-1.1944717999280652,0.025040400770949572,-1.1780054548695893,0.9597640092257149,1.320524938770034,0.11394378229164374,0.7649900249387575,33.28,33.16
-1.030377731599972,1.0480391799719104,0.025040400770949572,1.011542612092179,-1.0419227960076825,1.320524938770034,1.224377733352027,-0.5163682668336613,15.3,18.15
-0.0799690856912042,-0.07321630997807735,2.3592412378542393,-1.1780054548695893,0.9597640092257149,1.320524938770034,1.224377733352027,1.4056691708249667,39.86,38.18
0.8704395602175636,-0.9141579274405682,-0.5585098084998729,-0.6306184381291473,0.9597640092257149,-1.401788011925113,-0.9964901687687392,-1.1570474127198707,26.28,30.89
0.8704395602175636,-0.9141579274405682,-0.5585098084998729,-0.6306184381291473,0.9597640092257149,-1.401788011925113,1.224377733352027,-0.5163682668336613,32.48,35.48
1.2506030185810713,-1.1944717999280652,0.025040400770949572,-1.1780054548695893,0.9597640092257149,-1.401788011925113,0.11394378229164374,-1.1570474127198707,32.68,36.12
0.49027610185405607,-0.6338440549530713,0.025040400770949572,-0.6306184381291473,0.9597640092257149,0.4130872885383184,1.224377733352027,0.12431087905254802,29.47,29.77
-1.030377731599972,1.0480391799719104,0.025040400770949572,1.011542612092179,-1.0419227960076825,1.320524938770034,-0.9964901687687392,-1.1570474127198707,11.69,13.65
0.49027610185405607,-0.6338440549530713,0.025040400770949572,-0.6306184381291473,0.9597640092257149,0.4130872885383184,0.11394378229164374,0.7649900249387575,25.43,28.76
-0.0799690856912042,-0.07321630997807735,2.3592412378542393,-1.1780054548695893,0.9597640092257149,1.320524938770034,-0.9964901687687392,0.7649900249387575,32.31,34.05
-1.2204594607817258,1.3283530524594074,0.6085906100417721,1.011542612092179,-1.0419227960076825,-0.49435036169339724,1.224377733352027,1.4056691708249667,18.19,20.21
-1.030377731599972,1.0480391799719104,0.025040400770949572,1.011542612092179,-1.0419227960076825,1.320524938770034,1.224377733352027,0.7649900249387575,15.3,18.24
2.010929935308085,-1.755099544903059,-0.5585098084998729,-1.4516989632398105,0.9597640092257149,-1.401788011925113,1.224377733352027,0.7649900249387575,32.85,32.95
-1.2204594607817258,1.3283530524594074,0.6085906100417721,1.011542612092179,-1.0419227960076825,-0.49435036169339724,-1.7367794694756613,-1.7977265586060802,10.54,16.8
2.010929935308085,-1.755099544903059,-0.5585098084998729,-1.4516989632398105,0.9597640092257149,-1.401788011925113,0.11394378229164374,-1.1570474127198707,28.15,29.79
1.2506030185810713,-1.1944717999280652,0.025040400770949572,-1.1780054548695893,0.9597640092257149,-0.49435036169339724,0.11394378229164374,1.4056691708249667,32.31,32.0
1.2506030185810713,-1.1944717999280652,0.025040400770949572,-1.1780054548695893,0.9597640092257149,0.4130872885383184,1.224377733352027,0.7649900249387575,35.4,39.22
-1.030377731599972,1.0480391799719104,0.025040400770949572,1.011542612092179,-1.0419227960076825,1.320524938770034,0.11394378229164374,0.7649900249387575,12.92,16.14
0.20515350808142646,-0.3535301824655743,0.6085906100417721,-0.6306184381291473,0.9597640092257149,1.320524938770034,0.11394378229164374,-0.5163682668336613,38.98,45.97
-0.7452551378273424,0.7677253074844135,-0.5585098084998729,1.011542612092179,-1.0419227960076825,1.320524938770034,-0.9964901687687392,0.7649900249387575,11.2,14.73
-1.030377731599972,1.0480391799719104,0.025040400770949572,1.011542612092179,-1.0419227960076825,0.4130872885383184,1.224377733352027,-0.5163682668336613,15.09,18.36
-0.5551734086455886,0.4874114349969166,-1.1420600177706954,1.011542612092179,-1.0419227960076825,0.4130872885383184,-0.9964901687687392,-0.5163682668336613,10.55,13.8
-0.0799690856912042,-0.07321630997807735,2.3592412378542393,-1.1780054548695893,0.9597640092257149,1.320524938770034,-0.9964901687687392,-0.5163682668336613,32.41,33.78
-0.0799690856912042,-0.07321630997807735,2.3592412378542393,-1.1780054548695893,0.9597640092257149,1.320524938770034,0.11394378229164374,1.4056691708249667,36.7,36.15
-1.030377731599972,1.0480391799719104,0.025040400770949572,1.011542612092179,-1.0419227960076825,0.4130872885383184,1.224377733352027,0.7649900249387575,15.09,18.36
0.20515350808142646,-0.3535301824655743,0.6085906100417721,-0.6306184381291473,0.9597640092257149,0.4130872885383184,0.11394378229164374,-0.5163682668336613,39.97,36.77
-0.270050814872958,0.2070975625094196,-1.725610227041518,1.011542612092179,-1.0419227960076825,1.320524938770034,1.224377733352027,-0.5163682668336613,14.5,17.03
-0.270050814872958,0.2070975625094196,-1.725610227041518,1.011542612092179,-1.0419227960076825,-0.49435036169339724,1.224377733352027,1.4056691708249667,14.19,16.62
-1.2204594607817258,1.3283530524594074,0.6085906100417721,1.011542612092179,-1.0419227960076825,1.320524938770034,-0.9964901687687392,-0.5163682668336613,15.19,19.3
-1.030377731599972,1.0480391799719104,0.025040400770949572,1.011542612092179,-1.0419227960076825,1.320524938770034,-0.9964901687687392,0.12431087905254802,11.61,13.83
2.010929935308085,-1.755099544903059,-0.5585098084998729,-1.4516989632398105,0.9597640092257149,-1.401788011925113,-1.7367794694756613,-1.7977265586060802,15.55,21.33
0.49027610185405607,-0.6338440549530713,0.025040400770949572,-0.6306184381291473,0.9597640092257149,-0.49435036169339724,1.224377733352027,0.12431087905254802,29.67,30.65
0.49027610185405607,-0.6338440549530713,0.025040400770949572,-0.6306184381291473,0.9597640092257149,1.320524938770034,-1.7367794694756613,-1.7977265586060802,15.98,24.93
-0.7452551378273424,0.7677253074844135,-0.5585098084998729,1.011542612092179,-1.0419227960076825,1.320524938770034,1.224377733352027,-0.5163682668336613,14.62,17.22
0.20515350808142646,-0.3535301824655743,0.6085906100417721,-0.6306184381291473,0.9597640092257149,-0.49435036169339724,0.11394378229164374,-0.5163682668336613,40.19,37.41
-0.5551734086455886,0.4874114349969166,-1.1420600177706954,1.011542612092179,-1.0419227960076825,0.4130872885383184,1.224377733352027,-0.5163682668336613,14.4,17.27
0.49027610185405607,-0.6338440549530713,0.025040400770949572,-0.6306184381291473,0.9597640092257149,1.320524938770034,0.11394378229164374,1.4056691708249667,25.49,28.14
0.8704395602175636,-0.9141579274405682,-0.5585098084998729,-0.6306184381291473,0.9597640092257149,-0.49435036169339724,0.11394378229164374,0.7649900249387575,28.42,34.19
-0.5551734086455886,0.4874114349969166,-1.1420600177706954,1.011542612092179,-1.0419227960076825,-1.401788011925113,0.11394378229164374,0.12431087905254802,12.41,14.92
0.20515350808142646,-0.3535301824655743,0.6085906100417721,-0.6306184381291473,0.9597640092257149,1.320524938770034,-0.9964901687687392,-0.5163682668336613,36.03,42.86
0.20515350808142646,-0.3535301824655743,0.6085906100417721,-0.6306184381291473,0.9597640092257149,-0.49435036169339724,-1.7367794694756613,-1.7977265586060802,29.9,31.27
0.49027610185405607,-0.6338440549530713,0.025040400770949572,-0.6306184381291473,0.9597640092257149,-0.49435036169339724,-0.9964901687687392,0.7649900249387575,22.8,28.61
1.2506030185810713,-1.1944717999280652,0.025040400770949572,-1.1780054548695893,0.9597640092257149,0.4130872885383184,-0.9964901687687392,0.12431087905254802,29.62,30.08
0.49027610185405607,-0.6338440549530713,0.025040400770949572,-0.6306184381291473,0.9597640092257149,1.320524938770034,1.224377733352027,-0.5163682668336613,28.01,32.92
-1.4105411899634797,1.6086669249469043,1.1921408193125946,1.011542612092179,-1.0419227960076825,0.4130872885383184,1.224377733352027,0.7649900249387575,16.94,16.58
0.8704395602175636,-0.9141579274405682,-0.5585098084998729,-0.6306184381291473,0.9597640092257149,1.320524938770034,-0.9964901687687392,-0.5163682668336613,25.36,31.9
-0.0799690856912042,-0.07321630997807735,2.3592412378542393,-1.1780054548695893,0.9597640092257149,0.4130872885383184,-1.7367794694756613,-1.7977265586060802,24.77,29.79
1.2506030185810713,-1.1944717999280652,0.025040400770949572,-1.1780054548695893,0.9597640092257149,0.4130872885383184,-0.9964901687687392,-0.5163682668336613,28.83,29.36
-0.270050814872958,0.2070975625094196,-1.725610227041518,1.011542612092179,-1.0419227960076825,1.320524938770034,-1.7367794694756613,-1.7977265586060802,6.04,11.17
0.20515350808142646,-0.3535301824655743,0.6085906100417721,-0.6306184381291473,0.9597640092257149,-0.49435036169339724,0.11394378229164374,0.7649900249387575,38.84,45.48
0.8704395602175636,-0.9141579274405682,-0.5585098084998729,-0.6306184381291473,0.9597640092257149,-1.401788011925113,-0.9964901687687392,0.12431087905254802,25.41,31.73
-1.4105411899634797,1.6086669249469043,1.1921408193125946,1.011542612092179,-1.0419227960076825,1.320524938770034,-0.9964901687687392,0.12431087905254802,12.73,13.89
1.2506030185810713,-1.1944717999280652,0.025040400770949572,-1.1780054548695893,0.9597640092257149,-1.401788011925113,1.224377733352027,1.4056691708249667,35.67,33.94
-0.7452551378273424,0.7677253074844135,-0.5585098084998729,1.011542612092179,-1.0419227960076825,-1.401788011925113,-0.9964901687687392,-1.1570474127198707,11.11,14.28
0.8704395602175636,-0.9141579274405682,-0.5585098084998729,-0.6306184381291473,0.9597640092257149,0.4130872885383184,0.11394378229164374,-1.1570474127198707,29.6,30.12
0.8704395602175636,-0.9141579274405682,-0.5585098084998729,-0.6306184381291473,0.9597640092257149,-0.49435036169339724,-0.9964901687687392,-0.5163682668336613,27.02,25.63
2.010929935308085,-1.755099544903059,-0.5585098084998729,-1.4516989632398105,0.9597640092257149,1.320524938770034,1.224377733352027,0.12431087905254802,32.75,34.0
-0.5551734086455886,0.4874114349969166,-1.1420600177706954,1.011542612092179,-1.0419227960076825,-0.49435036169339724,0.11394378229164374,-1.1570474127198707,12.65,15.85
1.2506030185810713,-1.1944717999280652,0.025040400770949572,-1.1780054548695893,0.9597640092257149,-0.49435036169339724,-0.9964901687687392,1.4056691708249667,29.08,29.52
0.20515350808142646,-0.3535301824655743,0.6085906100417721,-0.6306184381291473,0.9597640092257149,1.320524938770034,-0.9964901687687392,0.12431087905254802,36.7,34.29
2.010929935308085,-1.755099544903059,-0.5585098084998729,-1.4516989632398105,0.9597640092257149,0.4130872885383184,1.224377733352027,0.12431087905254802,32.23,33.86
2.010929935308085,-1.755099544903059,-0.5585098084998729,-1.4516989632398105,0.9597640092257149,0.4130872885383184,1.224377733352027,1.4056691708249667,32.21,33.76
-0.5551734086455886,0.4874114349969166,-1.1420600177706954,1.011542612092179,-1.0419227960076825,0.4130872885383184,0.11394378229164374,-0.5163682668336613,12.2,14.94
1.2506030185810713,-1.1944717999280652,0.025040400770949572,-1.1780054548695893,0.9597640092257149,-1.401788011925113,0.11394378229164374,0.12431087905254802,31.63,36.35
-0.270050814872958,0.2070975625094196,-1.725610227041518,1.011542612092179,-1.0419227960076825,0.4130872885383184,-1.7367794694756613,-1.7977265586060802,6.01,10.94
0.8704395602175636,-0.9141579274405682,-0.5585098084998729,-0.6306184381291473,0.9597640092257149,-1.401788011925113,-1.7367794694756613,-1.7977265586060802,19.5,27.3
-0.7452551378273424,0.7677253074844135,-0.5585098084998729,1.011542612092179,-1.0419227960076825,0.4130872885383184,0.11394378229164374,0.7649900249387575,12.67,15.83
-0.5551734086455886,0.4874114349969166,-1.1420600177706954,1.011542612092179,-1.0419227960076825,0.4130872885383184,1.224377733352027,1.4056691708249667,12.76,15.33
-1.2204594607817258,1.3283530524594074,0.6085906100417721,1.011542612092179,-1.0419227960076825,0.4130872885383184,1.224377733352027,-1.1570474127198707,19.48,22.72
-1.4105411899634797,1.6086669249469043,1.1921408193125946,1.011542612092179,-1.0419227960076825,0.4130872885383184,1.224377733352027,1.4056691708249667,16.48,16.61
0.8704395602175636,-0.9141579274405682,-0.5585098084998729,-0.6306184381291473,0.9597640092257149,-1.401788011925113,1.224377733352027,0.7649900249387575,32.38,31.53
-1.2204594607817258,1.3283530524594074,0.6085906100417721,1.011542612092179,-1.0419227960076825,0.4130872885383184,1.224377733352027,0.7649900249387575,19.0,22.25
-1.4105411899634797,1.6086669249469043,1.1921408193125946,1.011542612092179,-1.0419227960076825,-0.49435036169339724,0.11394378229164374,-0.5163682668336613,14.66,15.64
-0.270050814872958,0.2070975625094196,-1.725610227041518,1.011542612092179,-1.0419227960076825,-0.49435036169339724,-0.9964901687687392,0.7649900249387575,10.15,13.36
2.010929935308085,-1.755099544903059,-0.5585098084998729,-1.4516989632398105,0.9597640092257149,-0.49435036169339724,-0.9964901687687392,0.7649900249387575,24.23,25.72
-0.0799690856912042,-0.07321630997807735,2.3592412378542393,-1.1780054548695893,0.9597640092257149,0.4130872885383184,1.224377733352027,0.7649900249387575,40.6,39.85
-1.030377731599972,1.0480391799719104,0.025040400770949572,1.011542612092179,-1.0419227960076825,1.320524938770034,-0.9964901687687392,1.4056691708249667,11.34,14.87
-0.0799690856912042,-0.07321630997807735,2.3592412378542393,-1.1780054548695893,0.9597640092257149,1.320524938770034,-0.9964901687687392,0.12431087905254802,33.24,34.5
0.20515350808142646,-0.3535301824655743,0.6085906100417721,-0.6306184381291473,0.9597640092257149,1.320524938770034,0.11394378229164374,0.12431087905254802,39.83,36.87
-0.270050814872958,0.2070975625094196,-1.725610227041518,1.011542612092179,-1.0419227960076825,1.320524938770034,-0.9964901687687392,0.12431087905254802,10.38,13.49
-0.0799690856912042,-0.07321630997807735,2.3592412378542393,-1.1780054548695893,0.9597640092257149,0.4130872885383184,1.224377733352027,-0.5163682668336613,40.57,40.47
1.2506030185810713,-1.1944717999280652,0.025040400770949572,-1.1780054548695893,0.9597640092257149,0.4130872885383184,0.11394378229164374,0.12431087905254802,32.68,32.83
-1.030377731599972,1.0480391799719104,0.025040400770949572,1.011542612092179,-1.0419227960076825,-0.49435036169339724,-0.9964901687687392,0.7649900249387575,11.42,14.67
0.49027610185405607,-0.6338440549530713,0.025040400770949572,-0.6306184381291473,0.9597640092257149,0.4130872885383184,0.11394378229164374,0.12431087905254802,25.37,26.95
0.20515350808142646,-0.3535301824655743,0.6085906100417721,-0.6306184381291473,0.9597640092257149,1.320524938770034,1.224377733352027,0.12431087905254802,42.08,38.23
0.49027610185405607,-0.6338440549530713,0.025040400770949572,-0.6306184381291473,0.9597640092257149,-0.49435036169339724,-0.9964901687687392,-1.1570474127198707,24.03,24.91
-1.030377731599972,1.0480391799719104,0.025040400770949572,1.011542612092179,-1.0419227960076825,-0.49435036169339724,0.11394378229164374,0.12431087905254802,13.01,15.8
-1.030377731599972,1.0480391799719104,0.025040400770949572,1.011542612092179,-1.0419227960076825,-0.49435036169339724,1.224377733352027,0.7649900249387575,15.29,17.82
-1.2204594607817258,1.3283530524594074,0.6085906100417721,1.011542612092179,-1.0419227960076825,-0.49435036169339724,0.11394378229164374,-1.1570474127198707,17.35,21.19
-0.0799690856912042,-0.07321630997807735,2.3592412378542393,-1.1780054548695893,0.9597640092257149,1.320524938770034,0.11394378229164374,-0.5163682668336613,36.45,36.81
-0.7452551378273424,0.7677253074844135,-0.5585098084998729,1.011542612092179,-1.0419227960076825,0.4130872885383184,-0.9964901687687392,0.12431087905254802,11.1,14.67
2.010929935308085,-1.755099544903059,-0.5585098084998729,-1.4516989632398105,0.9597640092257149,-0.49435036169339724,1.224377733352027,0.7649900249387575,32.67,33.06
-0.0799690856912042,-0.07321630997807735,2.3592412378542393,-1.1780054548695893,0.9597640092257149,0.4130872885383184,0.11394378229164374,0.7649900249387575,36.81,37.05
-0.5551734086455886,0.4874114349969166,-1.1420600177706954,1.011542612092179,-1.0419227960076825,0.4130872885383184,1.224377733352027,0.12431087905254802,13.94,16.7
2.010929935308085,-1.755099544903059,-0.5585098084998729,-1.4516989632398105,0.9597640092257149,0.4130872885383184,1.224377733352027,0.7649900249387575,32.21,33.95
-0.270050814872958,0.2070975625094196,-1.725610227041518,1.011542612092179,-1.0419227960076825,-1.401788011925113,1.224377733352027,0.12431087905254802,13.97,16.08
0.49027610185405607,-0.6338440549530713,0.025040400770949572,-0.6306184381291473,0.9597640092257149,-0.49435036169339724,-1.7367794694756613,-1.7977265586060802,17.41,21.46
-0.7452551378273424,0.7677253074844135,-0.5585098084998729,1.011542612092179,-1.0419227960076825,1.320524938770034,0.11394378229164374,-0.5163682668336613,12.95,15.99
-0.270050814872958,0.2070975625094196,-1.725610227041518,1.011542612092179,-1.0419227960076825,1.320524938770034,0.11394378229164374,-1.1570474127198707,12.45,15.5
-0.270050814872958,0.2070975625094196,-1.725610227041518,1.011542612092179,-1.0419227960076825,1.320524938770034,0.11394378229164374,0.7649900249387575,12.43,15.35
1.2506030185810713,-1.1944717999280652,0.025040400770949572,-1.1780054548695893,0.9597640092257149,0.4130872885383184,0.11394378229164374,-0.5163682668336613,32.33,32.77
-0.7452551378273424,0.7677253074844135,-0.5585098084998729,1.011542612092179,-1.0419227960076825,-0.49435036169339724,1.224377733352027,-1.1570474127198707,14.7,17.0
-0.0799690856912042,-0.07321630997807735,2.3592412378542393,-1.1780054548695893,0.9597640092257149,1.320524938770034,0.11394378229164374,0.7649900249387575,36.26,37.51
2.010929935308085,-1.755099544903059,-0.5585098084998729,-1.4516989632398105,0.9597640092257149,1.320524938770034,1.224377733352027,-1.1570474127198707,32.53,33.04
0.49027610185405607,-0.6338440549530713,0.025040400770949572,-0.6306184381291473,0.9597640092257149,-0.49435036169339724,1.224377733352027,0.7649900249387575,28.05,32.35
-1.2204594607817258,1.3283530524594074,0.6085906100417721,1.011542612092179,-1.0419227960076825,-1.401788011925113,1.224377733352027,-0.5163682668336613,19.2,21.72
-0.0799690856912042,-0.07321630997807735,2.3592412378542393,-1.1780054548695893,0.9597640092257149,1.320524938770034,0.11394378229164374,0.12431087905254802,36.52,37.29
0.49027610185405607,-0.6338440549530713,0.025040400770949572,-0.6306184381291473,0.9597640092257149,-1.401788011925113,0.11394378229164374,-0.5163682668336613,25.74,28.27
-0.7452551378273424,0.7677253074844135,-0.5585098084998729,1.011542612092179,-1.0419227960076825,-1.401788011925113,-1.7367794694756613,-1.7977265586060802,6.85,11.74
-0.0799690856912042,-0.07321630997807735,2.3592412378542393,-1.1780054548695893,0.9597640092257149,-0.49435036169339724,-1.7367794694756613,-1.7977265586060802,23.93,29.68
-0.270050814872958,0.2070975625094196,-1.725610227041518,1.011542612092179,-1.0419227960076825,0.4130872885383184,-0.9964901687687392,0.12431087905254802,10.35,13.65
-0.7452551378273424,0.7677253074844135,-0.5585098084998729,1.011542612092179,-1.0419227960076825,1.320524938770034,-0.9964901687687392,1.4056691708249667,11.16,14.39
0.20515350808142646,-0.3535301824655743,0.6085906100417721,-0.6306184381291473,0.9597640092257149,0.4130872885383184,0.11394378229164374,-1.1570474127198707,39.86,36.85
-1.4105411899634797,1.6086669249469043,1.1921408193125946,1.011542612092179,-1.0419227960076825,-0.49435036169339724,-1.7367794694756613,-1.7977265586060802,8.49,12.22
-0.270050814872958,0.2070975625094196,-1.725610227041518,1.011542612092179,-1.0419227960076825,1.320524938770034,-0.9964901687687392,0.7649900249387575,10.14,13.53
-1.2204594607817258,1.3283530524594074,0.6085906100417721,1.011542612092179,-1.0419227960076825,0.4130872885383184,0.11394378229164374,-1.1570474127198707,17.52,21.09
-1.4105411899634797,1.6086669249469043,1.1921408193125946,1.011542612092179,-1.0419227960076825,0.4130872885383184,0.11394378229164374,-0.5163682668336613,14.6,15.14
-1.2204594607817258,1.3283530524594074,0.6085906100417721,1.011542612092179,-1.0419227960076825,-0.49435036169339724,0.11394378229164374,-0.5163682668336613,16.84,20.56
0.8704395602175636,-0.9141579274405682,-0.5585098084998729,-0.6306184381291473,0.9597640092257149,1.320524938770034,0.11394378229164374,1.4056691708249667,29.39,33.47
-1.030377731599972,1.0480391799719104,0.025040400770949572,1.011542612092179,-1.0419227960076825,-1.401788011925113,1.224377733352027,-1.1570474127198707,15.23,18.14
1.2506030185810713,-1.1944717999280652,0.025040400770949572,-1.1780054548695893,0.9597640092257149,1.320524938770034,-1.7367794694756613,-1.7977265586060802,19.68,29.6
-1.4105411899634797,1.6086669249469043,1.1921408193125946,1.011542612092179,-1.0419227960076825,1.320524938770034,-1.7367794694756613,-1.7977265586060802,8.5,12.04
2.010929935308085,-1.755099544903059,-0.5585098084998729,-1.4516989632398105,0.9597640092257149,1.320524938770034,-1.7367794694756613,-1.7977265586060802,15.55,21.33
0.49027610185405607,-0.6338440549530713,0.025040400770949572,-0.6306184381291473,0.9597640092257149,0.4130872885383184,1.224377733352027,-0.5163682668336613,28.64,28.95
-1.030377731599972,1.0480391799719104,0.025040400770949572,1.011542612092179,-1.0419227960076825,-0.49435036169339724,1.224377733352027,1.4056691708249667,14.92,17.79
0.49027610185405607,-0.6338440549530713,0.025040400770949572,-0.6306184381291473,0.9597640092257149,-1.401788011925113,1.224377733352027,0.7649900249387575,28.93,28.2
-0.7452551378273424,0.7677253074844135,-0.5585098084998729,1.011542612092179,-1.0419227960076825,-0.49435036169339724,0.11394378229164374,-1.1570474127198707,12.93,15.63
-1.4105411899634797,1.6086669249469043,1.1921408193125946,1.011542612092179,-1.0419227960076825,-0.49435036169339724,1.224377733352027,-0.5163682668336613,17.23,17.38
0.8704395602175636,-0.9141579274405682,-0.5585098084998729,-0.6306184381291473,0.9597640092257149,-0.49435036169339724,1.224377733352027,0.12431087905254802,32.12,34.7
2.010929935308085,-1.755099544903059,-0.5585098084998729,-1.4516989632398105,0.9597640092257149,-0.49435036169339724,0.11394378229164374,0.7649900249387575,28.55,29.59
0.49027610185405607,-0.6338440549530713,0.025040400770949572,-0.6306184381291473,0.9597640092257149,-1.401788011925113,1.224377733352027,-1.1570474127198707,29.22,31.71
2.010929935308085,-1.755099544903059,-0.5585098084998729,-1.4516989632398105,0.9597640092257149,0.4130872885383184,1.224377733352027,-0.5163682668336613,32.24,33.94
0.49027610185405607,-0.6338440549530713,0.025040400770949572,-0.6306184381291473,0.9597640092257149,0.4130872885383184,-0.9964901687687392,0.12431087905254802,24.17,25.35
-1.030377731599972,1.0480391799719104,0.025040400770949572,1.011542612092179,-1.0419227960076825,1.320524938770034,1.224377733352027,1.4056691708249667,15.16,18.06
-0.5551734086455886,0.4874114349969166,-1.1420600177706954,1.011542612092179,-1.0419227960076825,0.4130872885383184,0.11394378229164374,0.7649900249387575,12.17,15.2
-0.5551734086455886,0.4874114349969166,-1.1420600177706954,1.011542612092179,-1.0419227960076825,-0.49435036169339724,1.224377733352027,1.4056691708249667,12.63,14.58
0.20515350808142646,-0.3535301824655743,0.6085906100417721,-0.6306184381291473,0.9597640092257149,-0.49435036169339724,1.224377733352027,-1.1570474127198707,42.62,39.07
0.20515350808142646,-0.3535301824655743,0.6085906100417721,-0.6306184381291473,0.9597640092257149,-1.401788011925113,-0.9964901687687392,0.12431087905254802,35.78,43.12
-1.030377731599972,1.0480391799719104,0.025040400770949572,1.011542612092179,-1.0419227960076825,0.4130872885383184,0.11394378229164374,1.4056691708249667,12.78,15.8
-0.7452551378273424,0.7677253074844135,-0.5585098084998729,1.011542612092179,-1.0419227960076825,0.4130872885383184,0.11394378229164374,0.12431087905254802,12.31,15.44
-0.270050814872958,0.2070975625094196,-1.725610227041518,1.011542612092179,-1.0419227960076825,1.320524938770034,1.224377733352027,1.4056691708249667,14.39,16.7
0.8704395602175636,-0.9141579274405682,-0.5585098084998729,-0.6306184381291473,0.9597640092257149,-0.49435036169339724,-0.9964901687687392,1.4056691708249667,26.45,27.33
0.20515350808142646,-0.3535301824655743,0.6085906100417721,-0.6306184381291473,0.9597640092257149,-1.401788011925113,1.224377733352027,-0.5163682668336613,41.64,45.59
-1.2204594607817258,1.3283530524594074,0.6085906100417721,1.011542612092179,-1.0419227960076825,-1.401788011925113,0.11394378229164374,1.4056691708249667,16.73,20.13
-0.5551734086455886,0.4874114349969166,-1.1420600177706954,1.011542612092179,-1.0419227960076825,-0.49435036169339724,0.11394378229164374,0.12431087905254802,12.28,14.74
-0.7452551378273424,0.7677253074844135,-0.5585098084998729,1.011542612092179,-1.0419227960076825,-1.401788011925113,-0.9964901687687392,-0.5163682668336613,11.45,13.2
-0.270050814872958,0.2070975625094196,-1.725610227041518,1.011542612092179,-1.0419227960076825,0.4130872885383184,1.224377733352027,1.4056691708249667,14.17,16.94
0.20515350808142646,-0.3535301824655743,0.6085906100417721,-0.6306184381291473,0.9597640092257149,-1.401788011925113,0.11394378229164374,1.4056691708249667,39.89,37.54
-1.2204594607817258,1.3283530524594074,0.6085906100417721,1.011542612092179,-1.0419227960076825,0.4130872885383184,-1.7367794694756613,-1.7977265586060802,10.77,16.75
-0.0799690856912042,-0.07321630997807735,2.3592412378542393,-1.1780054548695893,0.9597640092257149,-1.401788011925113,1.224377733352027,1.4056691708249667,38.82,39.37
-1.4105411899634797,1.6086669249469043,1.1921408193125946,1.011542612092179,-1.0419227960076825,-0.49435036169339724,0.11394378229164374,0.7649900249387575,14.61,15.56
-0.270050814872958,0.2070975625094196,-1.725610227041518,1.011542612092179,-1.0419227960076825,1.320524938770034,0.11394378229164374,1.4056691708249667,12.02,14.03
0.8704395602175636,-0.9141579274405682,-0.5585098084998729,-0.6306184381291473,0.9597640092257149,-0.49435036169339724,-1.7367794694756613,-1.7977265586060802,19.95,21.97
2.010929935308085,-1.755099544903059,-0.5585098084998729,-1.4516989632398105,0.9597640092257149,-0.49435036169339724,-0.9964901687687392,1.4056691708249667,24.33,25.98
-0.5551734086455886,0.4874114349969166,-1.1420600177706954,1.011542612092179,-1.0419227960076825,-1.401788011925113,0.11394378229164374,-1.1570474127198707,12.57,15.42
-0.0799690856912042,-0.07321630997807735,2.3592412378542393,-1.1780054548695893,0.9597640092257149,0.4130872885383184,-0.9964901687687392,1.4056691708249667,32.46,33.64
-0.270050814872958,0.2070975625094196,-1.725610227041518,1.011542612092179,-1.0419227960076825,0.4130872885383184,-0.9964901687687392,-1.1570474127198707,10.36,13.48
-0.5551734086455886,0.4874114349969166,-1.1420600177706954,1.011542612092179,-1.0419227960076825,1.320524938770034,-0.9964901687687392,-0.5163682668336613,10.68,14.21
0.8704395602175636,-0.9141579274405682,-0.5585098084998729,-0.6306184381291473,0.9597640092257149,-1.401788011925113,1.224377733352027,-1.1570474127198707,31.89,35.99
2.010929935308085,-1.755099544903059,-0.5585098084998729,-1.4516989632398105,0.9597640092257149,-0.49435036169339724,0.11394378229164374,-1.1570474127198707,28.15,29.79
-0.0799690856912042,-0.07321630997807735,2.3592412378542393,-1.1780054548695893,0.9597640092257149,0.4130872885383184,1.224377733352027,1.4056691708249667,39.31,37.79
-0.270050814872958,0.2070975625094196,-1.725610227041518,1.011542612092179,-1.0419227960076825,-0.49435036169339724,1.224377733352027,-1.1570474127198707,14.61,17.25
-1.030377731599972,1.0480391799719104,0.025040400770949572,1.011542612092179,-1.0419227960076825,1.320524938770034,0.11394378229164374,-1.1570474127198707,13.18,16.19
0.20515350808142646,-0.3535301824655743,0.6085906100417721,-0.6306184381291473,0.9597640092257149,-1.401788011925113,1.224377733352027,0.7649900249387575,42.77,38.33
1.2506030185810713,-1.1944717999280652,0.025040400770949572,-1.1780054548695893,0.9597640092257149,0.4130872885383184,-1.7367794694756613,-1.7977265586060802,20.71,25.16
0.49027610185405607,-0.6338440549530713,0.025040400770949572,-0.6306184381291473,0.9597640092257149,1.320524938770034,-0.9964901687687392,0.12431087905254802,23.87,24.93
2.010929935308085,-1.755099544903059,-0.5585098084998729,-1.4516989632398105,0.9597640092257149,-0.49435036169339724,0.11394378229164374,0.12431087905254802,28.56,29.78
0.20515350808142646,-0.3535301824655743,0.6085906100417721,-0.6306184381291473,0.9597640092257149,0.4130872885383184,-1.7367794694756613,-1.7977265586060802,29.63,30.93
-0.270050814872958,0.2070975625094196,-1.725610227041518,1.011542612092179,-1.0419227960076825,-0.49435036169339724,1.224377733352027,0.7649900249387575,14.48,16.74
-0.7452551378273424,0.7677253074844135,-0.5585098084998729,1.011542612092179,-1.0419227960076825,-1.401788011925113,-0.9964901687687392,0.7649900249387575,11.18,14.29
-1.4105411899634797,1.6086669249469043,1.1921408193125946,1.011542612092179,-1.0419227960076825,-0.49435036169339724,-0.9964901687687392,0.12431087905254802,12.63,14.23
-1.2204594607817258,1.3283530524594074,0.6085906100417721,1.011542612092179,-1.0419227960076825,0.4130872885383184,0.11394378229164374,1.4056691708249667,16.76,20.19
-1.2204594607817258,1.3283530524594074,0.6085906100417721,1.011542612092179,-1.0419227960076825,0.4130872885383184,-0.9964901687687392,0.12431087905254802,15.12,19.37
-1.030377731599972,1.0480391799719104,0.025040400770949572,1.011542612092179,-1.0419227960076825,-1.401788011925113,-1.7367794694756613,-1.7977265586060802,7.18,12.4
0.8704395602175636,-0.9141579274405682,-0.5585098084998729,-0.6306184381291473,0.9597640092257149,-1.401788011925113,-0.9964901687687392,0.7649900249387575,26.44,27.17
-0.270050814872958,0.2070975625094196,-1.725610227041518,1.011542612092179,-1.0419227960076825,0.4130872885383184,0.11394378229164374,0.12431087905254802,11.98,14.72
1.2506030185810713,-1.1944717999280652,0.025040400770949572,-1.1780054548695893,0.9597640092257149,-0.49435036169339724,-0.9964901687687392,-0.5163682668336613,29.68,29.44
-0.270050814872958,0.2070975625094196,-1.725610227041518,1.011542612092179,-1.0419227960076825,0.4130872885383184,-0.9964901687687392,-0.5163682668336613,10.32,13.57
0.8704395602175636,-0.9141579274405682,-0.5585098084998729,-0.6306184381291473,0.9597640092257149,-1.401788011925113,0.11394378229164374,-1.1570474127198707,29.54,33.98
-0.5551734086455886,0.4874114349969166,-1.1420600177706954,1.011542612092179,-1.0419227960076825,1.320524938770034,-0.9964901687687392,0.7649900249387575,10.72,14.2
-1.4105411899634797,1.6086669249469043,1.1921408193125946,1.011542612092179,-1.0419227960076825,0.4130872885383184,-1.7367794694756613,-1.7977265586060802,8.45,12.08
0.20515350808142646,-0.3535301824655743,0.6085906100417721,-0.6306184381291473,0.9597640092257149,-0.49435036169339724,0.11394378229164374,-1.1570474127198707,40.03,37.81
-0.7452551378273424,0.7677253074844135,-0.5585098084998729,1.011542612092179,-1.0419227960076825,-0.49435036169339724,-0.9964901687687392,-0.5163682668336613,11.46,13.54
0.49027610185405607,-0.6338440549530713,0.025040400770949572,-0.6306184381291473,0.9597640092257149,-1.401788011925113,1.224377733352027,-0.5163682668336613,28.95,30.34
0.49027610185405607,-0.6338440549530713,0.025040400770949572,-0.6306184381291473,0.9597640092257149,1.320524938770034,0.11394378229164374,0.7649900249387575,26.0,27.34
0.20515350808142646,-0.3535301824655743,0.6085906100417721,-0.6306184381291473,0.9597640092257149,-1.401788011925113,1.224377733352027,0.12431087905254802,41.26,46.44
1.2506030185810713,-1.1944717999280652,0.025040400770949572,-1.1780054548695893,0.9597640092257149,0.4130872885383184,-0.9964901687687392,0.7649900249387575,28.86,32.83
-0.0799690856912042,-0.07321630997807735,2.3592412378542393,-1.1780054548695893,0.9597640092257149,-1.401788011925113,0.11394378229164374,0.7649900249387575,36.95,37.2
-0.0799690856912042,-0.07321630997807735,2.3592412378542393,-1.1780054548695893,0.9597640092257149,0.4130872885383184,1.224377733352027,-1.1570474127198707,40.71,40.63
0.8704395602175636,-0.9141579274405682,-0.5585098084998729,-0.6306184381291473,0.9597640092257149,-0.49435036169339724,1.224377733352027,-0.5163682668336613,32.74,30.53
0.8704395602175636,-0.9141579274405682,-0.5585098084998729,-0.6306184381291473,0.9597640092257149,1.320524938770034,-0.9964901687687392,-1.1570474127198707,25.27,31.73
-1.030377731599972,1.0480391799719104,0.025040400770949572,1.011542612092179,-1.0419227960076825,0.4130872885383184,-0.9964901687687392,0.7649900249387575,11.33,15.0
-0.270050814872958,0.2070975625094196,-1.725610227041518,1.011542612092179,-1.0419227960076825,-1.401788011925113,0.11394378229164374,-1.1570474127198707,12.43,15.19
0.8704395602175636,-0.9141579274405682,-0.5585098084998729,-0.6306184381291473,0.9597640092257149,-1.401788011925113,-0.9964901687687392,1.4056691708249667,27.03,25.82
0.49027610185405607,-0.6338440549530713,0.025040400770949572,-0.6306184381291473,0.9597640092257149,-0.49435036169339724,0.11394378229164374,0.7649900249387575,24.96,29.43
0.49027610185405607,-0.6338440549530713,0.025040400770949572,-0.6306184381291473,0.9597640092257149,-1.401788011925113,0.11394378229164374,1.4056691708249667,25.7,26.53
2.010929935308085,-1.755099544903059,-0.5585098084998729,-1.4516989632398105,0.9597640092257149,-1.401788011925113,-0.9964901687687392,-1.1570474127198707,24.58,26.47
0.8704395602175636,-0.9141579274405682,-0.5585098084998729,-0.6306184381291473,0.9597640092257149,-0.49435036169339724,-0.9964901687687392,0.7649900249387575,25.37,31.76
0.49027610185405607,-0.6338440549530713,0.025040400770949572,-0.6306184381291473,0.9597640092257149,-1.401788011925113,-0.9964901687687392,-1.1570474127198707,23.53,27.31
0.8704395602175636,-0.9141579274405682,-0.5585098084998729,-0.6306184381291473,0.9597640092257149,-1.401788011925113,1.224377733352027,0.12431087905254802,31.28,35.22
1.2506030185810713,-1.1944717999280652,0.025040400770949572,-1.1780054548695893,0.9597640092257149,1.320524938770034,-0.9964901687687392,0.12431087905254802,29.05,29.67
-0.270050814872958,0.2070975625094196,-1.725610227041518,1.011542612092179,-1.0419227960076825,-0.49435036169339724,-0.9964901687687392,0.12431087905254802,10.34,13.36
-0.5551734086455886,0.4874114349969166,-1.1420600177706954,1.011542612092179,-1.0419227960076825,1.320524938770034,1.224377733352027,1.4056691708249667,12.42,15.31
-1.2204594607817258,1.3283530524594074,0.6085906100417721,1.011542612092179,-1.0419227960076825,-0.49435036169339724,0.11394378229164374,1.4056691708249667,16.86,20.01
-0.5551734086455886,0.4874114349969166,-1.1420600177706954,1.011542612092179,-1.0419227960076825,0.4130872885383184,1.224377733352027,-1.1570474127198707,14.5,17.12
-0.7452551378273424,0.7677253074844135,-0.5585098084998729,1.011542612092179,-1.0419227960076825,-1.401788011925113,-0.9964901687687392,0.12431087905254802,11.22,14.44
-0.0799690856912042,-0.07321630997807735,2.3592412378542393,-1.1780054548695893,0.9597640092257149,0.4130872885383184,-0.9964901687687392,0.12431087905254802,32.33,34.48
2.010929935308085,-1.755099544903059,-0.5585098084998729,-1.4516989632398105,0.9597640092257149,-1.401788011925113,0.11394378229164374,0.12431087905254802,28.67,29.43
0.49027610185405607,-0.6338440549530713,0.025040400770949572,-0.6306184381291473,0.9597640092257149,1.320524938770034,-0.9964901687687392,0.7649900249387575,24.24,25.16
-0.270050814872958,0.2070975625094196,-1.725610227041518,1.011542612092179,-1.0419227960076825,1.320524938770034,1.224377733352027,-1.1570474127198707,14.55,17.25
-1.4105411899634797,1.6086669249469043,1.1921408193125946,1.011542612092179,-1.0419227960076825,-0.49435036169339724,0.11394378229164374,1.4056691708249667,13.99,14.61
2.010929935308085,-1.755099544903059,-0.5585098084998729,-1.4516989632398105,0.9597640092257149,-0.49435036169339724,1.224377733352027,-0.5163682668336613,32.71,33.13
1.2506030185810713,-1.1944717999280652,0.025040400770949572,-1.1780054548695893,0.9597640092257149,-1.401788011925113,1.224377733352027,0.12431087905254802,34.24,37.26
-0.5551734086455886,0.4874114349969166,-1.1420600177706954,1.011542612092179,-1.0419227960076825,-0.49435036169339724,-0.9964901687687392,0.12431087905254802,10.68,13.77
-0.7452551378273424,0.7677253074844135,-0.5585098084998729,1.011542612092179,-1.0419227960076825,1.320524938770034,1.224377733352027,-1.1570474127198707,14.42,17.2
-0.270050814872958,0.2070975625094196,-1.725610227041518,1.011542612092179,-1.0419227960076825,0.4130872885383184,-0.9964901687687392,1.4056691708249667,10.34,13.72
1.2506030185810713,-1.1944717999280652,0.025040400770949572,-1.1780054548695893,0.9597640092257149,1.320524938770034,0.11394378229164374,0.12431087905254802,32.29,32.46
-1.4105411899634797,1.6086669249469043,1.1921408193125946,1.011542612092179,-1.0419227960076825,-1.401788011925113,1.224377733352027,-1.1570474127198707,15.09,17.2
-1.4105411899634797,1.6086669249469043,1.1921408193125946,1.011542612092179,-1.0419227960076825,1.320524938770034,1.224377733352027,0.12431087905254802,16.74,16.0
1.2506030185810713,-1.1944717999280652,0.025040400770949572,-1.1780054548695893,0.9597640092257149,-0.49435036169339724,1.224377733352027,-1.1570474127198707,37.24,36.38
-1.2204594607817258,1.3283530524594074,0.6085906100417721,1.011542612092179,-1.0419227960076825,1.320524938770034,1.224377733352027,-1.1570474127198707,19.42,22.53
-0.7452551378273424,0.7677253074844135,-0.5585098084998729,1.011542612092179,-1.0419227960076825,0.4130872885383184,1.224377733352027,0.12431087905254802,14.33,16.99
2.010929935308085,-1.755099544903059,-0.5585098084998729,-1.4516989632398105,0.9597640092257149,-0.49435036169339724,1.224377733352027,-1.1570474127198707,32.26,33.34
2.010929935308085,-1.755099544903059,-0.5585098084998729,-1.4516989632398105,0.9597640092257149,-1.401788011925113,-0.9964901687687392,-0.5163682668336613,24.29,25.95
-0.5551734086455886,0.4874114349969166,-1.1420600177706954,1.011542612092179,-1.0419227960076825,-0.49435036169339724,1.224377733352027,0.7649900249387575,14.7,17.2
-1.2204594607817258,1.3283530524594074,0.6085906100417721,1.011542612092179,-1.0419227960076825,-0.49435036169339724,-0.9964901687687392,0.12431087905254802,15.36,19.18
-0.7452551378273424,0.7677253074844135,-0.5585098084998729,1.011542612092179,-1.0419227960076825,-1.401788011925113,0.11394378229164374,-1.1570474127198707,12.78,15.21
0.49027610185405607,-0.6338440549530713,0.025040400770949572,-0.6306184381291473,0.9597640092257149,-0.49435036169339724,0.11394378229164374,-0.5163682668336613,25.98,26.96
2.010929935308085,-1.755099544903059,-0.5585098084998729,-1.4516989632398105,0.9597640092257149,-0.49435036169339724,1.224377733352027,1.4056691708249667,32.72,33.23
-1.030377731599972,1.0480391799719104,0.025040400770949572,1.011542612092179,-1.0419227960076825,0.4130872885383184,0.11394378229164374,-1.1570474127198707,13.17,16.39
-1.4105411899634797,1.6086669249469043,1.1921408193125946,1.011542612092179,-1.0419227960076825,0.4130872885383184,0.11394378229164374,0.7649900249387575,14.61,15.07
0.8704395602175636,-0.9141579274405682,-0.5585098084998729,-0.6306184381291473,0.9597640092257149,1.320524938770034,-0.9964901687687392,0.7649900249387575,27.03,25.81
0.8704395602175636,-0.9141579274405682,-0.5585098084998729,-0.6306184381291473,0.9597640092257149,-1.401788011925113,0.11394378229164374,1.4056691708249667,29.71,28.02
0.20515350808142646,-0.3535301824655743,0.6085906100417721,-0.6306184381291473,0.9597640092257149,-0.49435036169339724,-0.9964901687687392,-0.5163682668336613,37.26,34.62
-0.270050814872958,0.2070975625094196,-1.725610227041518,1.011542612092179,-1.0419227960076825,-1.401788011925113,1.224377733352027,0.7649900249387575,14.37,16.61
1.2506030185810713,-1.1944717999280652,0.025040400770949572,-1.1780054548695893,0.9597640092257149,-0.49435036169339724,-0.9964901687687392,-1.1570474127198707,29.87,29.87
-0.0799690856912042,-0.07321630997807735,2.3592412378542393,-1.1780054548695893,0.9597640092257149,-1.401788011925113,-1.7367794694756613,-1.7977265586060802,24.77,29.79
0.20515350808142646,-0.3535301824655743,0.6085906100417721,-0.6306184381291473,0.9597640092257149,0.4130872885383184,-0.9964901687687392,1.4056691708249667,36.77,43.14
-1.030377731599972,1.0480391799719104,0.025040400770949572,1.011542612092179,-1.0419227960076825,0.4130872885383184,-0.9964901687687392,-0.5163682668336613,11.33,15.0
0.8704395602175636,-0.9141579274405682,-0.5585098084998729,-0.6306184381291473,0.9597640092257149,-0.49435036169339724,1.224377733352027,1.4056691708249667,31.81,31.2
-0.5551734086455886,0.4874114349969166,-1.1420600177706954,1.011542612092179,-1.0419227960076825,-0.49435036169339724,-0.9964901687687392,1.4056691708249667,10.7,13.75
0.8704395602175636,-0.9141579274405682,-0.5585098084998729,-0.6306184381291473,0.9597640092257149,0.4130872885383184,1.224377733352027,1.4056691708249667,31.12,36.26
-0.7452551378273424,0.7677253074844135,-0.5585098084998729,1.011542612092179,-1.0419227960076825,1.320524938770034,-0.9964901687687392,-1.1570474127198707,11.16,14.45
0.20515350808142646,-0.3535301824655743,0.6085906100417721,-0.6306184381291473,0.9597640092257149,0.4130872885383184,-0.9964901687687392,0.12431087905254802,36.97,35.1
-1.030377731599972,1.0480391799719104,0.025040400770949572,1.011542612092179,-1.0419227960076825,-1.401788011925113,1.224377733352027,0.12431087905254802,15.16,17.04
0.20515350808142646,-0.3535301824655743,0.6085906100417721,-0.6306184381291473,0.9597640092257149,-1.401788011925113,-0.9964901687687392,-1.1570474127198707,35.56,41.68
-0.0799690856912042,-0.07321630997807735,2.3592412378542393,-1.1780054548695893,0.9597640092257149,-0.49435036169339724,-0.9964901687687392,-0.5163682668336613,32.4,34.07
-0.7452551378273424,0.7677253074844135,-0.5585098084998729,1.011542612092179,-1.0419227960076825,1.320524938770034,0.11394378229164374,0.7649900249387575,12.86,16.13
-0.7452551378273424,0.7677253074844135,-0.5585098084998729,1.011542612092179,-1.0419227960076825,1.320524938770034,-0.9964901687687392,-0.5163682668336613,11.49,13.51
-0.5551734086455886,0.4874114349969166,-1.1420600177706954,1.011542612092179,-1.0419227960076825,1.320524938770034,-0.9964901687687392,1.4056691708249667,13.69,13.89
-0.5551734086455886,0.4874114349969166,-1.1420600177706954,1.011542612092179,-1.0419227960076825,-0.49435036169339724,-1.7367794694756613,-1.7977265586060802,6.4,11.72
-1.2204594607817258,1.3283530524594074,0.6085906100417721,1.011542612092179,-1.0419227960076825,1.320524938770034,0.11394378229164374,0.12431087905254802,16.86,20.28
-1.2204594607817258,1.3283530524594074,0.6085906100417721,1.011542612092179,-1.0419227960076825,0.4130872885383184,0.11394378229164374,0.7649900249387575,16.56,20.37
-0.270050814872958,0.2070975625094196,-1.725610227041518,1.011542612092179,-1.0419227960076825,-1.401788011925113,0.11394378229164374,-0.5163682668336613,12.35,14.73
-1.2204594607817258,1.3283530524594074,0.6085906100417721,1.011542612092179,-1.0419227960076825,1.320524938770034,-0.9964901687687392,-1.1570474127198707,15.21,19.32
2.010929935308085,-1.755099544903059,-0.5585098084998729,-1.4516989632398105,0.9597640092257149,1.320524938770034,-0.9964901687687392,0.12431087905254802,24.35,26.14
0.8704395602175636,-0.9141579274405682,-0.5585098084998729,-0.6306184381291473,0.9597640092257149,0.4130872885383184,1.224377733352027,0.12431087905254802,32.05,30.11
1.2506030185810713,-1.1944717999280652,0.025040400770949572,-1.1780054548695893,0.9597640092257149,1.320524938770034,-0.9964901687687392,1.4056691708249667,29.02,33.01
-0.7452551378273424,0.7677253074844135,-0.5585098084998729,1.011542612092179,-1.0419227960076825,0.4130872885383184,1.224377733352027,-0.5163682668336613,14.33,17.23
-1.030377731599972,1.0480391799719104,0.025040400770949572,1.011542612092179,-1.0419227960076825,0.4130872885383184,0.11394378229164374,-0.5163682668336613,12.77,16.22
1.2506030185810713,-1.1944717999280652,0.025040400770949572,-1.1780054548695893,0.9597640092257149,1.320524938770034,0.11394378229164374,-0.5163682668336613,31.66,37.72
0.20515350808142646,-0.3535301824655743,0.6085906100417721,-0.6306184381291473,0.9597640092257149,1.320524938770034,-1.7367794694756613,-1.7977265586060802,28.75,39.44
0.20515350808142646,-0.3535301824655743,0.6085906100417721,-0.6306184381291473,0.9597640092257149,-0.49435036169339724,1.224377733352027,0.7649900249387575,41.73,47.59
-0.0799690856912042,-0.07321630997807735,2.3592412378542393,-1.1780054548695893,0.9597640092257149,-0.49435036169339724,-0.9964901687687392,-1.1570474127198707,32.12,34.07
-1.030377731599972,1.0480391799719104,0.025040400770949572,1.011542612092179,-1.0419227960076825,1.320524938770034,1.224377733352027,-1.1570474127198707,15.23,17.95
-1.030377731599972,1.0480391799719104,0.025040400770949572,1.011542612092179,-1.0419227960076825,-1.401788011925113,1.224377733352027,1.4056691708249667,14.96,17.64
0.8704395602175636,-0.9141579274405682,-0.5585098084998729,-0.6306184381291473,0.9597640092257149,0.4130872885383184,1.224377733352027,-1.1570474127198707,32.09,31.7
0.20515350808142646,-0.3535301824655743,0.6085906100417721,-0.6306184381291473,0.9597640092257149,-0.49435036169339724,-0.9964901687687392,1.4056691708249667,36.71,34.18
-1.030377731599972,1.0480391799719104,0.025040400770949572,1.011542612092179,-1.0419227960076825,-0.49435036169339724,-0.9964901687687392,-1.1570474127198707,11.69,13.72
-0.5551734086455886,0.4874114349969166,-1.1420600177706954,1.011542612092179,-1.0419227960076825,0.4130872885383184,0.11394378229164374,1.4056691708249667,12.25,15.23
0.20515350808142646,-0.3535301824655743,0.6085906100417721,-0.6306184381291473,0.9597640092257149,0.4130872885383184,1.224377733352027,-1.1570474127198707,42.5,38.35
0.49027610185405607,-0.6338440549530713,0.025040400770949572,-0.6306184381291473,0.9597640092257149,-0.49435036169339724,0.11394378229164374,0.12431087905254802,25.48,27.76
-0.7452551378273424,0.7677253074844135,-0.5585098084998729,1.011542612092179,-1.0419227960076825,1.320524938770034,0.11394378229164374,1.4056691708249667,12.47,14.6
-1.4105411899634797,1.6086669249469043,1.1921408193125946,1.011542612092179,-1.0419227960076825,1.320524938770034,0.11394378229164374,1.4056691708249667,13.86,14.75
0.8704395602175636,-0.9141579274405682,-0.5585098084998729,-0.6306184381291473,0.9597640092257149,1.320524938770034,1.224377733352027,0.7649900249387575,32.75,31.0
0.8704395602175636,-0.9141579274405682,-0.5585098084998729,-0.6306184381291473,0.9597640092257149,0.4130872885383184,1.224377733352027,0.7649900249387575,32.15,36.21
-1.2204594607817258,1.3283530524594074,0.6085906100417721,1.011542612092179,-1.0419227960076825,0.4130872885383184,1.224377733352027,0.12431087905254802,18.48,21.54
-1.030377731599972,1.0480391799719104,0.025040400770949572,1.011542612092179,-1.0419227960076825,0.4130872885383184,-0.9964901687687392,1.4056691708249667,11.22,14.65
2.010929935308085,-1.755099544903059,-0.5585098084998729,-1.4516989632398105,0.9597640092257149,-1.401788011925113,1.224377733352027,-0.5163682668336613,32.82,32.96
-0.5551734086455886,0.4874114349969166,-1.1420600177706954,1.011542612092179,-1.0419227960076825,-1.401788011925113,1.224377733352027,0.12431087905254802,14.07,16.11
-0.7452551378273424,0.7677253074844135,-0.5585098084998729,1.011542612092179,-1.0419227960076825,1.320524938770034,1.224377733352027,0.7649900249387575,14.71,17.39
0.8704395602175636,-0.9141579274405682,-0.5585098084998729,-0.6306184381291473,0.9597640092257149,0.4130872885383184,-0.9964901687687392,0.12431087905254802,26.89,25.9
0.8704395602175636,-0.9141579274405682,-0.5585098084998729,-0.6306184381291473,0.9597640092257149,0.4130872885383184,1.224377733352027,-0.5163682668336613,32.13,32.28
0.49027610185405607,-0.6338440549530713,0.025040400770949572,-0.6306184381291473,0.9597640092257149,0.4130872885383184,1.224377733352027,-1.1570474127198707,29.53,28.99
-1.4105411899634797,1.6086669249469043,1.1921408193125946,1.011542612092179,-1.0419227960076825,-1.401788011925113,0.11394378229164374,0.7649900249387575,14.33,15.41
-1.4105411899634797,1.6086669249469043,1.1921408193125946,1.011542612092179,-1.0419227960076825,0.4130872885383184,0.11394378229164374,1.4056691708249667,14.16,14.61
0.20515350808142646,-0.3535301824655743,0.6085906100417721,-0.6306184381291473,0.9597640092257149,-1.401788011925113,-1.7367794694756613,-1.7977265586060802,28.52,37.73
2.010929935308085,-1.755099544903059,-0.5585098084998729,-1.4516989632398105,0.9597640092257149,1.320524938770034,-0.9964901687687392,0.7649900249387575,24.32,25.87
2.010929935308085,-1.755099544903059,-0.5585098084998729,-1.4516989632398105,0.9597640092257149,0.4130872885383184,0.11394378229164374,0.7649900249387575,28.15,30.19
-1.4105411899634797,1.6086669249469043,1.1921408193125946,1.011542612092179,-1.0419227960076825,-0.49435036169339724,1.224377733352027,-1.1570474127198707,17.17,17.21
-1.4105411899634797,1.6086669249469043,1.1921408193125946,1.011542612092179,-1.0419227960076825,0.4130872885383184,0.11394378229164374,-1.1570474127198707,15.08,15.77
0.20515350808142646,-0.3535301824655743,0.6085906100417721,-0.6306184381291473,0.9597640092257149,-0.49435036169339724,1.224377733352027,-0.5163682668336613,43.1,39.41
-0.5551734086455886,0.4874114349969166,-1.1420600177706954,1.011542612092179,-1.0419227960076825,1.320524938770034,0.11394378229164374,0.7649900249387575,12.28,15.64
1.2506030185810713,-1.1944717999280652,0.025040400770949572,-1.1780054548695893,0.9597640092257149,-1.401788011925113,0.11394378229164374,0.7649900249387575,32.67,32.12
-0.5551734086455886,0.4874114349969166,-1.1420600177706954,1.011542612092179,-1.0419227960076825,1.320524938770034,1.224377733352027,-0.5163682668336613,14.71,17.51
-1.4105411899634797,1.6086669249469043,1.1921408193125946,1.011542612092179,-1.0419227960076825,-0.49435036169339724,-0.9964901687687392,0.7649900249387575,13.04,14.34
-0.5551734086455886,0.4874114349969166,-1.1420600177706954,1.011542612092179,-1.0419227960076825,-0.49435036169339724,-0.9964901687687392,-0.5163682668336613,10.72,14.11
0.8704395602175636,-0.9141579274405682,-0.5585098084998729,-0.6306184381291473,0.9597640092257149,0.4130872885383184,-0.9964901687687392,-1.1570474127198707,26.37,27.03
0.20515350808142646,-0.3535301824655743,0.6085906100417721,-0.6306184381291473,0.9597640092257149,0.4130872885383184,1.224377733352027,0.12431087905254802,42.49,38.81
-0.0799690856912042,-0.07321630997807735,2.3592412378542393,-1.1780054548695893,0.9597640092257149,-1.401788011925113,1.224377733352027,-0.5163682668336613,40.78,39.48
-1.2204594607817258,1.3283530524594074,0.6085906100417721,1.011542612092179,-1.0419227960076825,-0.49435036169339724,1.224377733352027,-1.1570474127198707,19.36,22.73
-0.5551734086455886,0.4874114349969166,-1.1420600177706954,1.011542612092179,-1.0419227960076825,-1.401788011925113,1.224377733352027,-1.1570474127198707,14.51,17.1
-0.0799690856912042,-0.07321630997807735,2.3592412378542393,-1.1780054548695893,0.9597640092257149,0.4130872885383184,-0.9964901687687392,0.7649900249387575,33.09,33.89
2.010929935308085,-1.755099544903059,-0.5585098084998729,-1.4516989632398105,0.9597640092257149,1.320524938770034,0.11394378229164374,0.12431087905254802,28.63,30.19
0.20515350808142646,-0.3535301824655743,0.6085906100417721,-0.6306184381291473,0.9597640092257149,0.4130872885383184,0.11394378229164374,1.4056691708249667,39.01,45.28
1.2506030185810713,-1.1944717999280652,0.025040400770949572,-1.1780054548695893,0.9597640092257149,1.320524938770034,1.224377733352027,0.12431087905254802,34.29,33.31
2.010929935308085,-1.755099544903059,-0.5585098084998729,-1.4516989632398105,0.9597640092257149,0.4130872885383184,1.224377733352027,-1.1570474127198707,32.49,32.83
-1.4105411899634797,1.6086669249469043,1.1921408193125946,1.011542612092179,-1.0419227960076825,-1.401788011925113,0.11394378229164374,-0.5163682668336613,14.34,15.32
0.49027610185405607,-0.6338440549530713,0.025040400770949572,-0.6306184381291473,0.9597640092257149,0.4130872885383184,-0.9964901687687392,0.7649900249387575,23.59,27.57
0.8704395602175636,-0.9141579274405682,-0.5585098084998729,-0.6306184381291473,0.9597640092257149,-1.401788011925113,0.11394378229164374,-0.5163682668336613,29.34,33.37
2.010929935308085,-1.755099544903059,-0.5585098084998729,-1.4516989632398105,0.9597640092257149,1.320524938770034,1.224377733352027,0.7649900249387575,32.74,33.88
0.49027610185405607,-0.6338440549530713,0.025040400770949572,-0.6306184381291473,0.9597640092257149,0.4130872885383184,-0.9964901687687392,-1.1570474127198707,23.54,24.61
0.8704395602175636,-0.9141579274405682,-0.5585098084998729,-0.6306184381291473,0.9597640092257149,-0.49435036169339724,0.11394378229164374,1.4056691708249667,29.09,29.43
0.49027610185405607,-0.6338440549530713,0.025040400770949572,-0.6306184381291473,0.9597640092257149,0.4130872885383184,1.224377733352027,0.7649900249387575,28.64,31.14
-1.030377731599972,1.0480391799719104,0.025040400770949572,1.011542612092179,-1.0419227960076825,0.4130872885383184,1.224377733352027,1.4056691708249667,14.92,17.55
-0.7452551378273424,0.7677253074844135,-0.5585098084998729,1.011542612092179,-1.0419227960076825,0.4130872885383184,-0.9964901687687392,1.4056691708249667,11.11,14.46
1.2506030185810713,-1.1944717999280652,0.025040400770949572,-1.1780054548695893,0.9597640092257149,0.4130872885383184,-0.9964901687687392,1.4056691708249667,28.03,34.45
1.2506030185810713,-1.1944717999280652,0.025040400770949572,-1.1780054548695893,0.9597640092257149,-1.401788011925113,-0.9964901687687392,-1.1570474127198707,29.03,32.92
-1.4105411899634797,1.6086669249469043,1.1921408193125946,1.011542612092179,-1.0419227960076825,-1.401788011925113,0.11394378229164374,-1.1570474127198707,15.09,15.77
-0.5551734086455886,0.4874114349969166,-1.1420600177706954,1.011542612092179,-1.0419227960076825,1.320524938770034,1.224377733352027,0.12431087905254802,13.86,16.1
-1.2204594607817258,1.3283530524594074,0.6085906100417721,1.011542612092179,-1.0419227960076825,-0.49435036169339724,1.224377733352027,0.12431087905254802,18.71,20.72
-1.2204594607817258,1.3283530524594074,0.6085906100417721,1.011542612092179,-1.0419227960076825,0.4130872885383184,0.11394378229164374,-0.5163682668336613,17.02,20.48
-0.0799690856912042,-0.07321630997807735,2.3592412378542393,-1.1780054548695893,0.9597640092257149,1.320524938770034,1.224377733352027,0.7649900249387575,40.11,40.77
1.2506030185810713,-1.1944717999280652,0.025040400770949572,-1.1780054548695893,0.9597640092257149,-1.401788011925113,-0.9964901687687392,0.7649900249387575,29.06,29.34
0.20515350808142646,-0.3535301824655743,0.6085906100417721,-0.6306184381291473,0.9597640092257149,-0.49435036169339724,0.11394378229164374,0.12431087905254802,38.35,43.66
-0.270050814872958,0.2070975625094196,-1.725610227041518,1.011542612092179,-1.0419227960076825,-1.401788011925113,-1.7367794694756613,-1.7977265586060802,6.07,10.9
-0.0799690856912042,-0.07321630997807735,2.3592412378542393,-1.1780054548695893,0.9597640092257149,1.320524938770034,1.224377733352027,-1.1570474127198707,40.43,39.48
-0.0799690856912042,-0.07321630997807735,2.3592412378542393,-1.1780054548695893,0.9597640092257149,-0.49435036169339724,1.224377733352027,0.7649900249387575,40.4,39.67
-1.2204594607817258,1.3283530524594074,0.6085906100417721,1.011542612092179,-1.0419227960076825,0.4130872885383184,-0.9964901687687392,-1.1570474127198707,15.42,19.34
1.2506030185810713,-1.1944717999280652,0.025040400770949572,-1.1780054548695893,0.9597640092257149,-0.49435036169339724,1.224377733352027,1.4056691708249667,35.01,33.14
-1.2204594607817258,1.3283530524594074,0.6085906100417721,1.011542612092179,-1.0419227960076825,-1.401788011925113,0.11394378229164374,0.12431087905254802,16.83,19.87
-1.4105411899634797,1.6086669249469043,1.1921408193125946,1.011542612092179,-1.0419227960076825,-0.49435036169339724,0.11394378229164374,0.12431087905254802,14.34,14.96
1.2506030185810713,-1.1944717999280652,0.025040400770949572,-1.1780054548695893,0.9597640092257149,0.4130872885383184,0.11394378229164374,1.4056691708249667,31.53,37.19
1.2506030185810713,-1.1944717999280652,0.025040400770949572,-1.1780054548695893,0.9597640092257149,1.320524938770034,0.11394378229164374,-1.1570474127198707,32.0,37.58
-0.7452551378273424,0.7677253074844135,-0.5585098084998729,1.011542612092179,-1.0419227960076825,-1.401788011925113,0.11394378229164374,-0.5163682668336613,12.85,15.52
-0.0799690856912042,-0.07321630997807735,2.3592412378542393,-1.1780054548695893,0.9597640092257149,0.4130872885383184,0.11394378229164374,-0.5163682668336613,36.86,37.28
1.2506030185810713,-1.1944717999280652,0.025040400770949572,-1.1780054548695893,0.9597640092257149,-0.49435036169339724,0.11394378229164374,0.7649900249387575,31.69,37.12
-1.4105411899634797,1.6086669249469043,1.1921408193125946,1.011542612092179,-1.0419227960076825,0.4130872885383184,-0.9964901687687392,-0.5163682668336613,12.97,14.27
2.010929935308085,-1.755099544903059,-0.5585098084998729,-1.4516989632398105,0.9597640092257149,1.320524938770034,1.224377733352027,1.4056691708249667,32.73,34.01
-0.5551734086455886,0.4874114349969166,-1.1420600177706954,1.011542612092179,-1.0419227960076825,1.320524938770034,-0.9964901687687392,0.12431087905254802,10.7,13.87
0.8704395602175636,-0.9141579274405682,-0.5585098084998729,-0.6306184381291473,0.9597640092257149,1.320524938770034,0.11394378229164374,-0.5163682668336613,28.4,34.52
-0.7452551378273424,0.7677253074844135,-0.5585098084998729,1.011542612092179,-1.0419227960076825,-1.401788011925113,0.11394378229164374,0.7649900249387575,12.91,15.37
-0.0799690856912042,-0.07321630997807735,2.3592412378542393,-1.1780054548695893,0.9597640092257149,-0.49435036169339724,-0.9964901687687392,0.12431087905254802,33.28,34.11
-0.5551734086455886,0.4874114349969166,-1.1420600177706954,1.011542612092179,-1.0419227960076825,0.4130872885383184,1.224377733352027,0.7649900249387575,14.47,17.23
0.49027610185405607,-0.6338440549530713,0.025040400770949572,-0.6306184381291473,0.9597640092257149,1.320524938770034,1.224377733352027,1.4056691708249667,29.92,32.54
-0.7452551378273424,0.7677253074844135,-0.5585098084998729,1.011542612092179,-1.0419227960076825,0.4130872885383184,-0.9964901687687392,-0.5163682668336613,11.32,13.32
-1.4105411899634797,1.6086669249469043,1.1921408193125946,1.011542612092179,-1.0419227960076825,0.4130872885383184,1.224377733352027,-1.1570474127198707,17.14,17.15
-0.5551734086455886,0.4874114349969166,-1.1420600177706954,1.011542612092179,-1.0419227960076825,-1.401788011925113,-1.7367794694756613,-1.7977265586060802,6.37,11.27
2.010929935308085,-1.755099544903059,-0.5585098084998729,-1.4516989632398105,0.9597640092257149,0.4130872885383184,-1.7367794694756613,-1.7977265586060802,15.55,21.33
0.20515350808142646,-0.3535301824655743,0.6085906100417721,-0.6306184381291473,0.9597640092257149,0.4130872885383184,-0.9964901687687392,-0.5163682668336613,36.97,33.87
0.8704395602175636,-0.9141579274405682,-0.5585098084998729,-0.6306184381291473,0.9597640092257149,0.4130872885383184,0.11394378229164374,-0.5163682668336613,29.27,29.9
-1.2204594607817258,1.3283530524594074,0.6085906100417721,1.011542612092179,-1.0419227960076825,-1.401788011925113,0.11394378229164374,-0.5163682668336613,17.14,20.47
2.010929935308085,-1.755099544903059,-0.5585098084998729,-1.4516989632398105,0.9597640092257149,0.4130872885383184,-0.9964901687687392,-1.1570474127198707,24.63,26.44
-0.5551734086455886,0.4874114349969166,-1.1420600177706954,1.011542612092179,-1.0419227960076825,1.320524938770034,0.11394378229164374,-0.5163682668336613,12.49,15.32
-0.0799690856912042,-0.07321630997807735,2.3592412378542393,-1.1780054548695893,0.9597640092257149,-1.401788011925113,-0.9964901687687392,-1.1570474127198707,32.96,33.87
-0.0799690856912042,-0.07321630997807735,2.3592412378542393,-1.1780054548695893,0.9597640092257149,-1.401788011925113,-0.9964901687687392,1.4056691708249667,32.31,34.25
-1.4105411899634797,1.6086669249469043,1.1921408193125946,1.011542612092179,-1.0419227960076825,0.4130872885383184,1.224377733352027,-0.5163682668336613,17.26,16.86
-0.5551734086455886,0.4874114349969166,-1.1420600177706954,1.011542612092179,-1.0419227960076825,-1.401788011925113,-0.9964901687687392,0.12431087905254802,10.77,14.14
-0.0799690856912042,-0.07321630997807735,2.3592412378542393,-1.1780054548695893,0.9597640092257149,0.4130872885383184,0.11394378229164374,-1.1570474127198707,36.91,37.45
-0.5551734086455886,0.4874114349969166,-1.1420600177706954,1.011542612092179,-1.0419227960076825,1.320524938770034,0.11394378229164374,0.12431087905254802,12.19,14.94
0.20515350808142646,-0.3535301824655743,0.6085906100417721,-0.6306184381291473,0.9597640092257149,-1.401788011925113,0.11394378229164374,0.12431087905254802,39.04,45.13
-0.5551734086455886,0.4874114349969166,-1.1420600177706954,1.011542612092179,-1.0419227960076825,0.4130872885383184,-0.9964901687687392,1.4056691708249667,10.67,14.26
-1.030377731599972,1.0480391799719104,0.025040400770949572,1.011542612092179,-1.0419227960076825,1.320524938770034,0.11394378229164374,0.12431087905254802,12.84,16.26
-0.0799690856912042,-0.07321630997807735,2.3592412378542393,-1.1780054548695893,0.9597640092257149,-1.401788011925113,1.224377733352027,0.12431087905254802,39.32,38.17
-0.7452551378273424,0.7677253074844135,-0.5585098084998729,1.011542612092179,-1.0419227960076825,-0.49435036169339724,0.11394378229164374,0.12431087905254802,12.46,14.38
-0.0799690856912042,-0.07321630997807735,2.3592412378542393,-1.1780054548695893,0.9597640092257149,1.320524938770034,1.224377733352027,0.12431087905254802,39.68,40.1
-0.0799690856912042,-0.07321630997807735,2.3592412378542393,-1.1780054548695893,0.9597640092257149,-0.49435036169339724,1.224377733352027,1.4056691708249667,39.72,39.8
-0.270050814872958,0.2070975625094196,-1.725610227041518,1.011542612092179,-1.0419227960076825,1.320524938770034,-0.9964901687687392,1.4056691708249667,10.39,13.5
-0.7452551378273424,0.7677253074844135,-0.5585098084998729,1.011542612092179,-1.0419227960076825,0.4130872885383184,-0.9964901687687392,-1.1570474127198707,11.09,14.3
-1.2204594607817258,1.3283530524594074,0.6085906100417721,1.011542612092179,-1.0419227960076825,1.320524938770034,-0.9964901687687392,0.12431087905254802,15.36,19.29
0.8704395602175636,-0.9141579274405682,-0.5585098084998729,-0.6306184381291473,0.9597640092257149,0.4130872885383184,0.11394378229164374,0.7649900249387575,29.08,33.93
-0.270050814872958,0.2070975625094196,-1.725610227041518,1.011542612092179,-1.0419227960076825,-1.401788011925113,-0.9964901687687392,0.12431087905254802,10.39,13.6
-0.270050814872958,0.2070975625094196,-1.725610227041518,1.011542612092179,-1.0419227960076825,-1.401788011925113,0.11394378229164374,1.4056691708249667,12.12,14.48
0.49027610185405607,-0.6338440549530713,0.025040400770949572,-0.6306184381291473,0.9597640092257149,-1.401788011925113,-0.9964901687687392,0.12431087905254802,22.93,28.68
2.010929935308085,-1.755099544903059,-0.5585098084998729,-1.4516989632398105,0.9597640092257149,-0.49435036169339724,-0.9964901687687392,0.12431087905254802,24.4,26.02
-0.7452551378273424,0.7677253074844135,-0.5585098084998729,1.011542612092179,-1.0419227960076825,-0.49435036169339724,0.11394378229164374,-0.5163682668336613,12.87,15.85
1.2506030185810713,-1.1944717999280652,0.025040400770949572,-1.1780054548695893,0.9597640092257149,0.4130872885383184,1.224377733352027,-1.1570474127198707,36.66,35.92
2.010929935308085,-1.755099544903059,-0.5585098084998729,-1.4516989632398105,0.9597640092257149,0.4130872885383184,-0.9964901687687392,1.4056691708249667,24.03,25.88
0.49027610185405607,-0.6338440549530713,0.025040400770949572,-0.6306184381291473,0.9597640092257149,1.320524938770034,0.11394378229164374,-1.1570474127198707,26.19,31.39
1.2506030185810713,-1.1944717999280652,0.025040400770949572,-1.1780054548695893,0.9597640092257149,-0.49435036169339724,0.11394378229164374,-1.1570474127198707,33.48,33.17
0.49027610185405607,-0.6338440549530713,0.025040400770949572,-0.6306184381291473,0.9597640092257149,-0.49435036169339724,1.224377733352027,-1.1570474127198707,29.91,29.13
2.010929935308085,-1.755099544903059,-0.5585098084998729,-1.4516989632398105,0.9597640092257149,-0.49435036169339724,0.11394378229164374,1.4056691708249667,28.58,29.77
-1.4105411899634797,1.6086669249469043,1.1921408193125946,1.011542612092179,-1.0419227960076825,0.4130872885383184,-0.9964901687687392,0.12431087905254802,12.71,14.14
-1.2204594607817258,1.3283530524594074,0.6085906100417721,1.011542612092179,-1.0419227960076825,1.320524938770034,0.11394378229164374,-0.5163682668336613,17.11,20.43
0.49027610185405607,-0.6338440549530713,0.025040400770949572,-0.6306184381291473,0.9597640092257149,-0.49435036169339724,0.11394378229164374,-1.1570474127198707,27.27,27.84
-0.5551734086455886,0.4874114349969166,-1.1420600177706954,1.011542612092179,-1.0419227960076825,0.4130872885383184,0.11394378229164374,-1.1570474127198707,12.57,15.44
-0.0799690856912042,-0.07321630997807735,2.3592412378542393,-1.1780054548695893,0.9597640092257149,-0.49435036169339724,1.224377733352027,-1.1570474127198707,39.97,40.85
-0.7452551378273424,0.7677253074844135,-0.5585098084998729,1.011542612092179,-1.0419227960076825,-1.401788011925113,-0.9964901687687392,1.4056691708249667,11.21,14.55
-0.270050814872958,0.2070975625094196,-1.725610227041518,1.011542612092179,-1.0419227960076825,-1.401788011925113,1.224377733352027,-0.5163682668336613,14.54,16.43
-1.030377731599972,1.0480391799719104,0.025040400770949572,1.011542612092179,-1.0419227960076825,-0.49435036169339724,0.11394378229164374,0.7649900249387575,13.0,15.59
0.49027610185405607,-0.6338440549530713,0.025040400770949572,-0.6306184381291473,0.9597640092257149,-1.401788011925113,0.11394378229164374,0.7649900249387575,25.66,26.3
0.8704395602175636,-0.9141579274405682,-0.5585098084998729,-0.6306184381291473,0.9597640092257149,1.320524938770034,-1.7367794694756613,-1.7977265586060802,18.31,27.87
-0.5551734086455886,0.4874114349969166,-1.1420600177706954,1.011542612092179,-1.0419227960076825,-1.401788011925113,1.224377733352027,0.7649900249387575,14.6,16.85
-1.2204594607817258,1.3283530524594074,0.6085906100417721,1.011542612092179,-1.0419227960076825,-0.49435036169339724,-0.9964901687687392,0.7649900249387575,15.19,19.25
2.010929935308085,-1.755099544903059,-0.5585098084998729,-1.4516989632398105,0.9597640092257149,1.320524938770034,-0.9964901687687392,-0.5163682668336613,24.25,25.89
-0.270050814872958,0.2070975625094196,-1.725610227041518,1.011542612092179,-1.0419227960076825,1.320524938770034,1.224377733352027,0.12431087905254802,13.78,16.6
2.010929935308085,-1.755099544903059,-0.5585098084998729,-1.4516989632398105,0.9597640092257149,-1.401788011925113,-0.9964901687687392,0.12431087905254802,24.28,25.68
-0.270050814872958,0.2070975625094196,-1.725610227041518,1.011542612092179,-1.0419227960076825,-1.401788011925113,-0.9964901687687392,0.7649900249387575,10.08,13.2
-1.2204594607817258,1.3283530524594074,0.6085906100417721,1.011542612092179,-1.0419227960076825,-1.401788011925113,-1.7367794694756613,-1.7977265586060802,10.85,16.78
0.49027610185405607,-0.6338440549530713,0.025040400770949572,-0.6306184381291473,0.9597640092257149,-0.49435036169339724,1.224377733352027,-0.5163682668336613,29.49,27.93
-0.5551734086455886,0.4874114349969166,-1.1420600177706954,1.011542612092179,-1.0419227960076825,-0.49435036169339724,0.11394378229164374,1.4056691708249667,12.19,14.71
-1.4105411899634797,1.6086669249469043,1.1921408193125946,1.011542612092179,-1.0419227960076825,-1.401788011925113,0.11394378229164374,1.4056691708249667,13.68,15.19
-1.4105411899634797,1.6086669249469043,1.1921408193125946,1.011542612092179,-1.0419227960076825,0.4130872885383184,-0.9964901687687392,1.4056691708249667,12.8,13.99
-0.270050814872958,0.2070975625094196,-1.725610227041518,1.011542612092179,-1.0419227960076825,-1.401788011925113,1.224377733352027,1.4056691708249667,14.41,16.69
0.49027610185405607,-0.6338440549530713,0.025040400770949572,-0.6306184381291473,0.9597640092257149,0.4130872885383184,-1.7367794694756613,-1.7977265586060802,16.95,21.16
-1.030377731599972,1.0480391799719104,0.025040400770949572,1.011542612092179,-1.0419227960076825,-1.401788011925113,0.11394378229164374,0.12431087905254802,12.97,15.53
0.20515350808142646,-0.3535301824655743,0.6085906100417721,-0.6306184381291473,0.9597640092257149,1.320524938770034,1.224377733352027,0.7649900249387575,42.96,39.56
-0.7452551378273424,0.7677253074844135,-0.5585098084998729,1.011542612092179,-1.0419227960076825,-1.401788011925113,0.11394378229164374,0.12431087905254802,12.34,14.92
1.2506030185810713,-1.1944717999280652,0.025040400770949572,-1.1780054548695893,0.9597640092257149,0.4130872885383184,0.11394378229164374,0.7649900249387575,32.07,36.16
-1.2204594607817258,1.3283530524594074,0.6085906100417721,1.011542612092179,-1.0419227960076825,-0.49435036169339724,-0.9964901687687392,-1.1570474127198707,15.2,19.43
-0.5551734086455886,0.4874114349969166,-1.1420600177706954,1.011542612092179,-1.0419227960076825,-1.401788011925113,-0.9964901687687392,-0.5163682668336613,10.64,13.67
-0.0799690856912042,-0.07321630997807735,2.3592412378542393,-1.1780054548695893,0.9597640092257149,-0.49435036169339724,0.11394378229164374,0.7649900249387575,36.45,36.76
0.20515350808142646,-0.3535301824655743,0.6085906100417721,-0.6306184381291473,0.9597640092257149,0.4130872885383184,1.224377733352027,1.4056691708249667,41.09,47.01
-0.7452551378273424,0.7677253074844135,-0.5585098084998729,1.011542612092179,-1.0419227960076825,1.320524938770034,0.11394378229164374,0.12431087905254802,12.12,15.17
-1.2204594607817258,1.3283530524594074,0.6085906100417721,1.011542612092179,-1.0419227960076825,0.4130872885383184,-0.9964901687687392,1.4056691708249667,15.12,19.26
-1.4105411899634797,1.6086669249469043,1.1921408193125946,1.011542612092179,-1.0419227960076825,0.4130872885383184,-0.9964901687687392,-1.1570474127198707,12.93,14.33
-1.030377731599972,1.0480391799719104,0.025040400770949572,1.011542612092179,-1.0419227960076825,0.4130872885383184,-1.7367794694756613,-1.7977265586060802,7.1,12.4
-1.4105411899634797,1.6086669249469043,1.1921408193125946,1.011542612092179,-1.0419227960076825,1.320524938770034,0.11394378229164374,-1.1570474127198707,15.16,15.76
-0.7452551378273424,0.7677253074844135,-0.5585098084998729,1.011542612092179,-1.0419227960076825,-0.49435036169339724,0.11394378229164374,0.7649900249387575,12.95,15.73
-1.4105411899634797,1.6086669249469043,1.1921408193125946,1.011542612092179,-1.0419227960076825,-0.49435036169339724,-0.9964901687687392,1.4056691708249667,12.74,13.97
0.8704395602175636,-0.9141579274405682,-0.5585098084998729,-0.6306184381291473,0.9597640092257149,1.320524938770034,0.11394378229164374,0.12431087905254802,29.07,29.82
0.8704395602175636,-0.9141579274405682,-0.5585098084998729,-0.6306184381291473,0.9597640092257149,0.4130872885383184,-0.9964901687687392,0.7649900249387575,26.33,31.06
-0.5551734086455886,0.4874114349969166,-1.1420600177706954,1.011542612092179,-1.0419227960076825,0.4130872885383184,-0.9964901687687392,0.7649900249387575,10.53,13.79
-1.030377731599972,1.0480391799719104,0.025040400770949572,1.011542612092179,-1.0419227960076825,0.4130872885383184,0.11394378229164374,0.12431087905254802,12.74,16.14
-0.270050814872958,0.2070975625094196,-1.725610227041518,1.011542612092179,-1.0419227960076825,-0.49435036169339724,1.224377733352027,-0.5163682668336613,14.45,16.93
-1.4105411899634797,1.6086669249469043,1.1921408193125946,1.011542612092179,-1.0419227960076825,-1.401788011925113,-0.9964901687687392,-0.5163682668336613,12.88,14.37
-0.270050814872958,0.2070975625094196,-1.725610227041518,1.011542612092179,-1.0419227960076825,1.320524938770034,1.224377733352027,0.7649900249387575,14.44,17.32
0.8704395602175636,-0.9141579274405682,-0.5585098084998729,-0.6306184381291473,0.9597640092257149,1.320524938770034,1.224377733352027,1.4056691708249667,32.06,35.71
-0.270050814872958,0.2070975625094196,-1.725610227041518,1.011542612092179,-1.0419227960076825,0.4130872885383184,1.224377733352027,-1.1570474127198707,14.5,17.03
2.010929935308085,-1.755099544903059,-0.5585098084998729,-1.4516989632398105,0.9597640092257149,1.320524938770034,-0.9964901687687392,-1.1570474127198707,24.59,26.29
-0.7452551378273424,0.7677253074844135,-0.5585098084998729,1.011542612092179,-1.0419227960076825,1.320524938770034,-0.9964901687687392,0.12431087905254802,11.14,14.4
-1.030377731599972,1.0480391799719104,0.025040400770949572,1.011542612092179,-1.0419227960076825,-0.49435036169339724,1.224377733352027,-0.5163682668336613,15.29,17.89
0.49027610185405607,-0.6338440549530713,0.025040400770949572,-0.6306184381291473,0.9597640092257149,1.320524938770034,0.11394378229164374,-0.5163682668336613,24.94,29.88
